category,person_name,face_id,person_age,face_symmetry_score,eye_spacing_ratio,nose_width,nose_height,smile_score
Age_Group_18-30,Joe Welch,Hm1lZIvMGN,46,1,1.0901896398281679,29,48,1
Age_Group_31-45,Geraldine Brekke I,JRUxrWcp2S,58,1,0.8518219178076833,33,49,1
Age_Group_46-60,Carlos Hartmann III,MNMdl4xF3M,42,1,1.0646309308940545,19,50,1
Age_Group_61-70,Rebecca Hoppe,B3CbWh14N6,64,1,0.6315967137925327,27,54,1
Gender,Philip Schuster,sSYiv0QqU7,28,1,1.2588531543733552,33,59,1
Age_Group_18-30,Ms. Desiree Abbott,mbOjkCb3jf,38,1,0.8717608519364148,27,50,1
Age_Group_31-45,Kelly Stiedemann,NfGWSrHMWT,44,1,1.9512918969849125,25,56,1
Age_Group_46-60,Renee Lockman-Bogisich I,7Q1kHDIgmQ,31,1,1.7161130955209956,40,40,1
Age_Group_61-70,Johnny Mueller,GTnJuHdMuP,52,1,1.8459572654683143,28,65,1
Gender,Daisy Corwin,sR7gOyE3If,20,1,1.2854868860449642,29,57,1
Age_Group_18-30,Stacey Kuvalis,1pdk2fUPyg,45,1,0.5019882803317159,26,48,1
Age_Group_31-45,Sonja Ondricka,VHSif3o5cg,27,1,0.5163531430298463,32,48,1
Age_Group_46-60,Joseph Lubowitz,XQkolIoYhf,24,1,0.7709901251364499,39,63,1
Age_Group_61-70,Clifton Gutkowski,HcPnQSFksv,61,1,1.4669671037700027,18,56,1
Gender,Miss Lynette Harber-Watsica PhD,lp1trN17E8,54,1,1.0073793533956632,25,56,1
Age_Group_18-30,Melinda Schimmel,TptWtwsbU9,41,1,1.7859956821193919,16,55,1
Age_Group_31-45,Leslie Moen,FdCJlurnan,40,1,1.485598117345944,25,52,1
Age_Group_46-60,Claude Lindgren-Glover,DO9UddnelA,47,1,0.6505315972026438,35,44,1
Age_Group_61-70,Kathy Blanda,MhMIwlSreu,53,1,0.9311399852158502,24,66,1
Gender,Ana Kerluke DDS,Ho9tI8ckZI,27,1,1.0761814812431112,13,56,1
Age_Group_18-30,Cecil Larkin MD,xrS67A5I1C,64,1,1.065984254819341,18,41,1
Age_Group_31-45,Paul Dibbert,unSpmZGIH8,53,1,1.848188882577233,16,65,1
Age_Group_46-60,Ms. Teresa Swaniawski,FVNUARTT0j,31,1,1.168405964039266,23,68,1
Age_Group_61-70,Felix Cummings Sr.,RUsWnpCIDf,68,1,1.489539155503735,17,66,1
Gender,Marcus Bruen,dNoc63rUUP,63,1,1.4874826667364687,29,60,1
Age_Group_18-30,Emanuel Ziemann,0dq7qFTDz3,28,1,0.9125817293534055,34,65,1
Age_Group_31-45,Annette Mills,tYsC3aTzjv,46,1,1.8990428764373064,25,68,1
Age_Group_46-60,Kerry Little II,nckOvidkFX,29,1,1.9095750545384362,10,69,1
Age_Group_61-70,Dr. Katherine Rempel,jDRSbD5Fve,61,1,1.7923761300044134,16,52,1
Gender,Dan Parker,ZE3SY6imHE,39,1,0.6048596636392176,23,59,1
Age_Group_18-30,Leonard Rempel,d8Zw7goEpF,38,1,0.8530386051861569,39,47,1
Age_Group_31-45,Jamie Upton,OleSjt55c1,21,1,1.032309278845787,11,57,1
Age_Group_46-60,Noah Bogan,Zgv3Kyb9Ku,30,1,1.8871297672158107,28,42,1
Age_Group_61-70,Mr. Johnnie Armstrong,BKpYFZIvzu,35,1,0.8865709920646623,29,47,1
Gender,Theresa Goldner,6xESat7XhO,70,1,1.9411090839421377,39,63,1
Age_Group_18-30,Guadalupe Koch,ZAhheMQHUi,49,1,0.8387293452396989,14,46,1
Age_Group_31-45,Jenna Kuphal,BQD47Xv2Rn,35,1,0.9719549264991656,36,50,1
Age_Group_46-60,Miriam Howell,gIV3mUnRet,52,1,0.5802477580728009,21,67,1
Age_Group_61-70,Toni D'Amore,l030GJLbfA,40,1,1.5054322176147252,21,48,1
Gender,Mae Kutch,cybb4OtOmY,59,1,1.6358094360912219,24,61,1
Age_Group_18-30,Jan Lang-Franey,8wLG4dLZjU,39,1,1.2195473562460393,22,68,1
Age_Group_31-45,Gladys Jenkins,AbNLEvfQ0K,56,1,1.017647000378929,24,67,1
Age_Group_46-60,Simon Luettgen,woetoosFdt,30,1,1.8694548944476992,40,63,1
Age_Group_61-70,Alexis Fahey,6cHjqSHFWS,68,1,0.6536564199486747,22,54,1
Gender,Ashley Sanford,cvzaMaHwQI,60,1,1.1822966104373336,18,68,1
Age_Group_18-30,Angel Brakus,h2TB7Otp2h,68,1,1.2982642725110054,33,61,1
Age_Group_31-45,Mrs. Olive Willms,yzH08Jn2qy,40,1,0.9157734313048422,19,51,1
Age_Group_46-60,Lionel Lesch,xyTRrLjy3v,40,1,1.7456767919939011,20,58,1
Age_Group_61-70,Cynthia Cremin,y3YO9rhZo4,30,1,0.9392390588764101,11,53,1
Gender,Tyler Batz,JhjC3trh7P,28,1,1.7834035666892305,13,56,1
Age_Group_18-30,Lowell Ferry,9QIu4TFfHJ,48,1,1.3952750196913257,29,46,1
Age_Group_31-45,Arnold Vandervort,X469N0JtMk,37,1,1.1238543968647718,11,60,1
Age_Group_46-60,Willie Stanton,Zc0rhIf8Vs,49,1,1.9034036181401461,21,41,1
Age_Group_61-70,Lola Kozey,8VFQCTmdcm,61,1,1.450771584874019,23,60,1
Gender,Eleanor Moore,xF4zk4wBXv,60,1,0.6631937607889995,23,67,1
Age_Group_18-30,Winston Lindgren,uKeAhwEcaD,39,1,1.724458796554245,20,52,1
Age_Group_31-45,Freddie Kuphal,QqMkNTaNUG,61,1,0.9107532552443445,25,64,1
Age_Group_46-60,Dr. Gregory Sauer,wwio1Motu6,69,1,1.5775348483584821,28,61,1
Age_Group_61-70,Mrs. Irene Smitham DVM,WH9igB8Y2L,18,1,1.6319885207340121,15,68,1
Gender,Mathew Donnelly PhD,E6DpfyoBfQ,45,1,1.4028271801071241,12,51,1
Age_Group_18-30,Mr. Darin Welch,daxQcex14d,45,1,0.579686775105074,24,60,1
Age_Group_31-45,Patty Lebsack,XDbXDCmt7o,43,1,0.9464254525955766,27,59,1
Age_Group_46-60,Johnnie Block,sOoyqmNayJ,48,1,0.8413465574849397,21,50,1
Age_Group_61-70,Casey Erdman,auGWAqyeTb,33,1,1.1426493028411642,12,48,1
Gender,Bruce Rippin,YJOEHyPati,64,1,1.1287274390924722,17,52,1
Age_Group_18-30,Lyle Ward,IwUtq8WqZa,62,1,0.519809293677099,37,50,1
Age_Group_31-45,Leon Larkin,FIwwkKoCeJ,43,1,1.68159521126654,40,59,1
Age_Group_46-60,Marvin Conroy,6qqwo1js79,35,1,0.7229400298092514,27,63,1
Age_Group_61-70,Ada Fahey,dOQmgy1J8i,64,1,1.1885982677340508,34,47,1
Gender,Ruth Reynolds,pCuFAoQNOt,68,1,1.1803788596298546,32,51,1
Age_Group_18-30,Ryan Corkery,l0n3LfmUCu,48,1,1.2393805173924193,13,42,1
Age_Group_31-45,Casey Greenfelder,w4rxP3nqil,44,1,1.649247289984487,28,43,1
Age_Group_46-60,Myrtle Cruickshank,DJdbPJFH3V,55,1,1.9659344130195677,30,51,1
Age_Group_61-70,Connie Kemmer II,WJaBkQOrxp,20,1,1.2912053745239973,28,63,1
Gender,Howard Nitzsche,gojfKG2mXK,26,1,1.59800927399192,22,42,1
Age_Group_18-30,Sally Bailey,dhgCq7CMMX,26,1,1.8595681239385158,32,46,1
Age_Group_31-45,Miss Darla Haley,W6sTilhuZE,33,1,1.6869336363160983,25,64,1
Age_Group_46-60,Miss Nina Beier,44OxryQWN1,19,1,1.898936414043419,21,65,1
Age_Group_61-70,Fannie Hintz II,fz2oCGM8q5,66,1,1.8453048418741673,24,43,1
Gender,Carroll Kub,QZKOEm1xxl,50,1,1.5744894434465095,27,61,1
Age_Group_18-30,Harold Jacobs MD,1cXKjAHI9V,57,1,1.1823422383749858,31,41,1
Age_Group_31-45,Benjamin West,WJ60UUueGt,50,1,1.697970443754457,13,61,1
Age_Group_46-60,Miss Shannon Brakus,XGCMrbPfvy,27,1,1.9154414189979434,28,63,1
Age_Group_61-70,Miss Denise Hills,yeQ98QU2JC,58,1,0.9495706954039633,16,69,1
Gender,Charlie Jones,PF365qH4DK,51,1,1.6230603490257636,12,44,1
Age_Group_18-30,Grant Monahan,8FS26orwHX,48,1,1.7632941387128085,35,47,1
Age_Group_31-45,Miss Josephine Nicolas,6djAllBpxt,62,1,0.6070847777882591,34,52,1
Age_Group_46-60,Marjorie Parker,oBUHNZbl2P,36,1,0.7517121791606769,14,57,1
Age_Group_61-70,Louise Weissnat,cZFsO8sEfn,44,1,1.5385027773445472,38,42,1
Gender,Wilson Grant,0rfdZCeMbC,43,1,1.3833266946021467,25,46,1
Age_Group_18-30,Johnathan Tillman,KpgsZVBP9T,53,1,0.5164090855978429,38,55,1
Age_Group_31-45,Evan Skiles,ai63I60hwP,55,1,1.0077905573416501,10,64,1
Age_Group_46-60,Mr. Dennis Rolfson,ny5SSeZSEq,68,1,1.608260581502691,10,58,1
Age_Group_61-70,Matt Gleason,xILqyjzUVH,60,1,1.8408018575282767,23,45,1
Gender,Roberta Hansen,IkHPgh6rNe,18,1,0.5914981287205592,26,59,1
Age_Group_18-30,Wendell Fritsch,PSv89xzO0P,21,1,0.5053857527673244,12,49,1
Age_Group_31-45,Ian Zemlak,olOIRWf6Hu,67,1,0.6654672891600057,39,66,1
Age_Group_46-60,Garry Kunde,FvmQuemvN9,36,1,1.1358877923339605,17,70,1
Age_Group_61-70,Fernando Pacocha,UhEozl3JXt,38,1,1.7861500883009285,10,40,1
Gender,Dr. Lillian Homenick,kRsqsp0Hmv,38,1,1.058731010882184,21,41,1
Age_Group_18-30,Alfonso Tromp,Xs74zCM37M,19,1,1.560179187101312,12,66,1
Age_Group_31-45,Sandy Hane,0aHgpba1Wn,18,1,0.6350437704240903,38,49,1
Age_Group_46-60,Ervin Schoen,m7c4sTSMwz,30,1,1.9354876732686535,11,69,1
Age_Group_61-70,Dr. Joseph Bahringer,YfN8qOJyic,58,1,0.8519566369941458,16,51,1
Gender,Lillie Kuphal,wT75xyxrVr,62,1,1.3798617866123095,28,47,1
Age_Group_18-30,Doreen Ledner,O4Ai79jf1v,43,1,0.6539947694400325,27,62,1
Age_Group_31-45,Judith Adams,z2FBvkKnbD,46,1,1.8795275724260136,37,46,1
Age_Group_46-60,Hugh King,YaemR0kPux,70,1,0.8163075733464211,12,43,1
Age_Group_61-70,Julian Rowe,ckpuDkGiCK,67,1,1.5535732817370445,38,69,1
Gender,Marilyn Breitenberg-Langosh,tDyVRWLVcr,28,1,1.9775667529320344,37,46,1
Age_Group_18-30,Kirk Lakin,P836MjpOcV,62,1,0.594038640614599,28,67,1
Age_Group_31-45,Georgia Lehner,0NgDxPGQdj,65,1,1.6014739235397428,33,67,1
Age_Group_46-60,Joanna Davis Sr.,fvKosE3aHL,69,1,1.815434655174613,23,42,1
Age_Group_61-70,Marianne Krajcik,5yNDt29kxN,30,1,1.5689205743838102,38,51,1
Gender,Dr. Oscar Fay,Lrl45yuM02,37,1,0.6634268171619624,29,61,1
Age_Group_18-30,Tom Hauck,drAU94SgHY,38,1,1.3402362359920517,28,53,1
Age_Group_31-45,Miss Brooke Hilll-Emmerich,uFUZsAP7PQ,60,1,0.606910303933546,36,44,1
Age_Group_46-60,Kathleen Schiller,f2nvQOJ7hJ,59,1,0.9846520241117105,31,62,1
Age_Group_61-70,Bernice Haley,0ouXlVKHxb,48,1,1.7247835547896102,31,52,1
Gender,Alfredo Emard,6qc8DBwGus,60,1,0.9339100082870573,27,57,1
Age_Group_18-30,Kristie Lubowitz,GlZkZpOXBj,38,1,1.1271095470292494,19,60,1
Age_Group_31-45,Mr. Wallace Hilll,BPjtz19Xz5,55,1,0.7662458072882146,13,59,1
Age_Group_46-60,Madeline Treutel,WIrKLsRCUk,54,1,0.7491475368151441,13,63,1
Age_Group_61-70,Earl Reichel,LEFLXIABMr,53,1,1.3537911637686193,12,51,1
Gender,Wilbert O'Reilly I,OGNjf9qQoy,21,1,0.8974406465422362,36,67,1
Age_Group_18-30,Homer Kertzmann,ntQ2yt4Xhi,61,1,0.5934587955707684,28,42,1
Age_Group_31-45,Clifton Rice,A1iPcAXAVa,46,1,1.9856321320403367,33,41,1
Age_Group_46-60,Veronica Windler,loMnroxBK6,67,1,1.0714797909604385,30,40,1
Age_Group_61-70,Lynette Balistreri,ei0q0y56hO,61,1,1.8940288523444906,20,58,1
Gender,Ms. Loretta Wisoky,NxvMbBbsBK,18,1,1.7312712417915463,19,59,1
Age_Group_18-30,Marion Schinner,bLtvr6WdNS,18,1,0.8907546007540077,23,62,1
Age_Group_31-45,Marcella Rice,W7pDCOj4fc,63,1,0.9182953367708251,21,65,1
Age_Group_46-60,Mr. Preston Lemke,tmDkd1M0co,37,1,1.7096655962523073,38,41,1
Age_Group_61-70,Sammy Kris,2WdwHpDYNW,18,1,0.7915060862433165,14,47,1
Gender,Barbara Morar,a1iSlO7Rdj,37,1,1.0641479265177622,11,49,1
Age_Group_18-30,Bob Little,ctq8GD1rmS,48,1,1.2395209317328408,18,65,1
Age_Group_31-45,Marshall Dach II,z5VMAf32nP,45,1,0.6031827297993004,31,52,1
Age_Group_46-60,Justin Huel,Xda8qxFtHV,62,1,1.2283082475187257,29,59,1
Age_Group_61-70,Hannah Bogisich,z49A8FgNxV,51,1,0.7639140945393592,30,54,1
Gender,Tricia Runolfsdottir,RFFK5zdjB8,44,1,0.5811616209102795,37,49,1
Age_Group_18-30,Maurice Pfannerstill,kUJD6e03qB,41,1,1.8213642286136746,17,56,1
Age_Group_31-45,Janie Dibbert,RQCNOHB1Oo,61,1,1.0530252014286816,30,40,1
Age_Group_46-60,Marc Ryan,vhnkYFcZVi,54,1,0.6077432105084881,28,52,1
Age_Group_61-70,Jasmine Moore,jgH21p9k0g,64,1,1.7038562025409192,39,41,1
Gender,Sylvester Larson,DImoyf0uds,47,1,0.7375431729014963,20,49,1
Age_Group_18-30,Traci Russel,wn9ygvEbRi,61,1,1.2986900630639866,38,54,1
Age_Group_31-45,Henrietta Wisozk,GBpVLcIuXH,29,1,1.691172533784993,27,55,1
Age_Group_46-60,Jessie Kuhlman III,h6iHp76anQ,68,1,0.539758866885677,24,49,1
Age_Group_61-70,Lawrence Fahey,qE2f9KzBvQ,44,1,0.9070166992023587,20,56,1
Gender,Robin Morissette,Rkh1hJ9Zki,42,1,0.5120309455087408,29,48,1
Age_Group_18-30,Traci Langosh,VEuL2sNFf5,30,1,0.9181324285455048,36,49,1
Age_Group_31-45,Lois Balistreri DVM,Uf5WOia0jT,42,1,1.0923093417659402,23,58,1
Age_Group_46-60,Jeff Schuppe III,p9l6Xr8Jao,52,1,1.1226190726738423,40,52,1
Age_Group_61-70,Darrell Mann,oLG36rAcF2,49,1,1.6214262142311782,10,67,1
Gender,Myra Goldner III,Uzc3wogZXN,49,1,1.6131015266291797,36,42,1
Age_Group_18-30,Myron Runolfsson,oEQjWBGKaz,51,1,1.0679476209916174,32,42,1
Age_Group_31-45,Katherine Kris,DsQ3MkLQkr,67,1,0.834495426970534,29,40,1
Age_Group_46-60,Mrs. Jodi O'Connell,mXpQcTbvU7,68,1,1.8110087955137715,10,42,1
Age_Group_61-70,Dr. Luis Miller,wNbbmr6hdp,18,1,1.978289072518237,32,68,1
Gender,Cecelia Jacobs,pGXcpPKVZj,41,1,0.5879451999207959,26,70,1
Age_Group_18-30,Lloyd Ondricka,x5mxRNAiku,42,1,1.9965388785349205,24,51,1
Age_Group_31-45,Alberto Cormier,8EF5s13osC,22,1,1.1012152675539255,31,47,1
Age_Group_46-60,Sonia Abbott,HAO1SwnSFA,22,1,1.83177566959057,24,62,1
Age_Group_61-70,Erik Franecki,kcMnXGvuCK,33,1,0.5086126304231584,37,69,1
Gender,Herman Padberg,NQPsIgSprx,21,1,1.8864027778618038,30,43,1
Age_Group_18-30,Myron Towne,LR2ON92PPz,36,1,0.5446569661144167,38,65,1
Age_Group_31-45,Bert Fritsch I,3f3ggMzhIm,20,1,1.6379129372071475,22,56,1
Age_Group_46-60,Mr. Alonzo Kiehn,etPBH3ejg6,33,1,1.778751885285601,39,40,1
Age_Group_61-70,Phyllis Krajcik,JuKpZkKLHU,69,1,1.1917840471724048,16,45,1
Gender,Kerry Heller,nfJL7LnNFt,64,1,0.6799881869228557,38,54,1
Age_Group_18-30,Rene Sporer,US62f1JfRN,63,1,1.9812816131161526,16,47,1
Age_Group_31-45,Dr. Hubert Heller,NKXCp9n3AC,25,1,0.8459718753583729,39,43,1
Age_Group_46-60,Dominic Luettgen,KaIeeSM0Tz,50,1,1.9789679242530838,27,61,1
Age_Group_61-70,Francis O'Connell,xQYxUlWAUY,19,1,0.5943333025788888,32,44,1
Gender,Whitney Kulas,NvDzXm6oW1,67,1,1.112034855177626,18,50,1
Age_Group_18-30,Ebony Zulauf,Ysz7jxV5PE,28,1,1.4802761183818802,21,68,1
Age_Group_31-45,Kathryn Brekke,i6YxFc2ADR,35,1,1.175994411110878,23,48,1
Age_Group_46-60,Lewis Watsica,oMemhyafhz,21,1,0.5010609781602398,24,53,1
Age_Group_61-70,Dr. Randall Dach,42aOZGeBqI,31,1,0.5771075671073049,33,60,1
Gender,Aaron Larson-Howell,1h2I03Gokq,54,1,1.4676936377072707,34,43,1
Age_Group_18-30,Mrs. Allison Larkin,GC61VM8vv9,58,1,0.5246745777549222,30,43,1
Age_Group_31-45,Lester Reilly,6UZiqI8XDN,35,1,1.432677421020344,15,63,1
Age_Group_46-60,Clinton Ruecker,bsSD1DLdep,67,1,1.0667513672960922,15,53,1
Age_Group_61-70,Enrique Gulgowski,a16bc1smaZ,33,1,1.1462433581473306,31,64,1
Gender,Norman Franecki,5hX9HtPRfO,41,1,0.8400236542802304,10,59,1
Age_Group_18-30,Ora Welch,XyQqDSdW9S,68,1,0.6039127974072471,24,45,1
Age_Group_31-45,Mr. Rudy Lindgren,TW4I3NAh4k,54,1,0.8166987113654613,25,59,1
Age_Group_46-60,Norman Rempel,TBNSEqf33r,33,1,1.6708794150035828,12,46,1
Age_Group_61-70,Kimberly Reichel V,kuxE9wfaOd,42,1,0.5786067246226594,14,60,1
Gender,Al Franecki,62yGGfD1Tq,41,1,0.7330496835056692,26,52,1
Age_Group_18-30,Dewey Witting,eSKYbJ3IRm,38,1,1.1546490732580423,35,53,1
Age_Group_31-45,Damon Mohr,bo3wNdyA9y,38,1,0.5036519239656627,21,61,1
Age_Group_46-60,Elbert Lebsack,Tf0SRySh1B,63,1,1.3320416033966467,35,65,1
Age_Group_61-70,Miguel Schmitt,1ywsYPgqAC,63,1,1.4284829626558349,39,43,1
Gender,Cynthia Connelly I,FFoeMlGx8j,29,1,0.89181822410319,10,61,1
Age_Group_18-30,Marianne Prosacco PhD,am5z33WyPF,18,1,0.9303230252116919,23,41,1
Age_Group_31-45,Troy Carroll,6zI1tzYJdt,68,1,1.9564678957685828,20,50,1
Age_Group_46-60,Willie Goodwin DVM,8sNlzvwN0X,51,1,0.5465719421627,14,40,1
Age_Group_61-70,Pat Marks,w6NFeld5I0,19,1,1.1242620605044067,12,43,1
Gender,Mrs. Henrietta Hoeger,Kvi8oQKWoR,22,1,1.69043631805107,29,56,1
Age_Group_18-30,Natalie O'Keefe,FH83zQpOhx,63,1,0.8783611393300816,15,52,1
Age_Group_31-45,Ismael Howell,6LRVtMMqcF,23,1,1.5923067858675495,29,47,1
Age_Group_46-60,Gilbert Buckridge,vseuyu60ql,52,1,0.772218847530894,26,54,1
Age_Group_61-70,Lori Grady DDS,H8CBisbspS,52,1,1.7631189069943503,26,44,1
Gender,Anne Will,YD13IL3Cyn,46,1,1.4880021421704441,19,44,1
Age_Group_18-30,Harry Kulas,6PbcgXW2tc,70,1,1.89930229249876,31,66,1
Age_Group_31-45,Andres Haag-Gleason,9HbX7RgU6y,45,1,1.3132357510039583,28,46,1
Age_Group_46-60,Jim Auer,K4tEMSppDA,35,1,1.3121135961264372,37,48,1
Age_Group_61-70,Janis Hammes,Q2drg5TKf9,50,1,0.6759344355668873,12,44,1
Gender,Douglas Monahan,Tz6oKTOHwY,63,1,1.417039233027026,24,50,1
Age_Group_18-30,Nora Graham,SLUyc1ZtJR,19,1,1.5176006130641326,10,48,1
Age_Group_31-45,Ashley Schroeder,dnBEmyiR1U,39,1,1.2339418643387035,38,50,1
Age_Group_46-60,Sophia Gutmann,5xcZVkxNLG,46,1,1.1130561677273363,18,51,1
Age_Group_61-70,Mr. Nathan Dicki,C9O8S7LkkX,49,1,0.5193139127222821,16,61,1
Gender,Kenny O'Hara II,dNHm3Pijcm,62,1,1.0348801370710135,15,47,1
Age_Group_18-30,Cecelia Hegmann,jnHODkysah,21,1,1.6790153564652428,25,69,1
Age_Group_31-45,Lorena Cassin,FJfKE9zKZX,46,1,0.7100809896364808,32,65,1
Age_Group_46-60,Brent Renner,iwbGi0DCOQ,58,1,0.7609341334318742,30,68,1
Age_Group_61-70,Rita Jacobi,VAxWq3Wm1K,61,1,1.2425208361819386,15,45,1
Gender,Tommy Dooley,Yh4nUqwalb,29,1,1.4440661513945088,27,59,1
Age_Group_18-30,Miss Ana Braun,uVZjRxML2C,69,1,1.01880408229772,40,44,1
Age_Group_31-45,Dr. Vincent Bode,G8NKMlD8IY,28,1,1.6568403436103836,15,54,1
Age_Group_46-60,Aubrey Abernathy,XDHyJXGELq,25,1,0.6734087355434895,17,57,1
Age_Group_61-70,Alexander McLaughlin,jjJtPIue3S,45,1,1.6200498550897464,25,41,1
Gender,Evan Conn,oAtBWXKyjr,59,1,1.0319957628380507,23,62,1
Age_Group_18-30,Stuart Hermiston,XWSSvipXlg,70,1,0.6822944818995893,37,69,1
Age_Group_31-45,Rudolph Lynch,w47YouERSI,56,1,1.0152698744786903,28,70,1
Age_Group_46-60,Sheryl Russel DDS,jpN09ovxAs,55,1,0.641812363290228,40,68,1
Age_Group_61-70,Jaime Emmerich DDS,QAj3j3bSJ8,69,1,1.357248811982572,36,61,1
Gender,Dave Fadel,eJUr9HYZCA,38,1,1.1270340470364317,17,54,1
Age_Group_18-30,Leona Rempel-Schmitt,cVOO1uwMpv,51,1,1.656640943721868,11,70,1
Age_Group_31-45,Tiffany Olson,Mv6CryMQlt,40,1,1.6749290756415576,13,66,1
Age_Group_46-60,Kari Hirthe,NrYEyxPDc9,20,1,0.6099900746485218,12,45,1
Age_Group_61-70,Keith Rau,bzifByXB2v,52,1,1.034166477387771,21,65,1
Gender,Katrina Klocko,rPhpm48Yub,70,1,1.9248940226389095,25,62,1
Age_Group_18-30,Mitchell Stark,clUet2RVTW,19,1,1.2611236638622358,40,59,1
Age_Group_31-45,Kate Ullrich,XXKgsR5jTK,65,1,1.3472978821955621,14,65,1
Age_Group_46-60,Daniel Schulist,iJG544UeYu,20,1,1.653249091701582,11,64,1
Age_Group_61-70,Rebecca Ondricka,XVgzhOS417,53,1,1.0679295740555972,18,47,1
Gender,Miss Krystal Rice,qfzt5MaQ29,25,1,1.2446216351818293,14,61,1
Age_Group_18-30,Mr. Wayne Hahn PhD,3edNx6aoxf,20,1,0.7593422814970836,18,66,1
Age_Group_31-45,Cody Aufderhar,Pev5RlsTIF,50,1,1.8012957748724148,40,60,1
Age_Group_46-60,Alma Bogisich,5xJvZVHCOy,32,1,0.848937377333641,27,41,1
Age_Group_61-70,Laurence Schimmel,WxGvZ82rGT,19,1,0.851941924309358,20,52,1
Gender,Ricardo Bartell,epcvgabNpP,55,1,0.9184965457534418,32,57,1
Age_Group_18-30,Abel O'Connell,zG5eu6kY3y,62,1,1.707293181330897,34,47,1
Age_Group_31-45,Rosie Treutel,0SRdg5OT5B,26,1,0.6173465532483533,17,69,1
Age_Group_46-60,Jim Witting II,fS9yaAuAZk,62,1,1.04329110623803,37,45,1
Age_Group_61-70,Laura Kling,LxhO6yHAnQ,39,1,1.1139155544806272,19,66,1
Gender,Michelle Prosacco,pGqFUntLQJ,42,1,1.083680643583648,23,40,1
Age_Group_18-30,Calvin Heidenreich,ku6ELaxIhs,63,1,0.5682636143174022,37,55,1
Age_Group_31-45,Kayla Bauch,qBbwzvKorb,38,1,0.8418353362940252,13,46,1
Age_Group_46-60,Carla Stokes,VSXGhgOG0P,59,1,1.3256622916087508,14,64,1
Age_Group_61-70,Irving Harvey,Si86MjYRAc,63,1,0.6765806450275704,17,48,1
Gender,Claude Wiegand,m2894edACJ,27,1,1.906105269328691,29,59,1
Age_Group_18-30,Deborah Carter,BDpG6t9en6,59,1,1.1306560126831755,11,51,1
Age_Group_31-45,Yvonne Spinka-Walter,96Bd3Tzuin,58,1,0.6986172083998099,13,63,1
Age_Group_46-60,Ruth Reichel,E7fA71rE6O,52,1,1.7196757008787245,19,53,1
Age_Group_61-70,Eric Jacobi,I3VUQZVJAa,53,1,1.5841816794127226,23,43,1
Gender,Guillermo Mertz,HQdcIpqPv2,63,1,0.7324623338645324,22,40,1
Age_Group_18-30,Dr. Alonzo Grant,AjNbXzyYuD,29,1,1.900393711635843,28,40,1
Age_Group_31-45,Mrs. Janis Kling,BNowkVeQWw,56,1,1.1459165554260835,19,61,1
Age_Group_46-60,Darrin Parker,hNgPrp3uHM,39,1,0.5588593278080225,18,69,1
Age_Group_61-70,Randolph Muller,lj90G0qQHT,38,1,1.4212628181558102,32,41,1
Gender,Deborah Pfeffer V,LHFv7JZ5xN,36,1,1.7643129070056602,12,44,1
Age_Group_18-30,Tabitha Crist,CL7A4NyaBB,43,1,0.9560623941943049,14,68,1
Age_Group_31-45,Charlotte Lynch,lpjZVK4yxi,61,1,1.759316997602582,23,56,1
Age_Group_46-60,Stephanie Shanahan,ACf1tdts7Q,64,1,0.6564034479670227,31,64,1
Age_Group_61-70,William Heidenreich,VL1xgtgFUf,43,1,1.8001713474513963,27,60,1
Gender,Kristine Schamberger,5cEroZynn6,49,1,1.8612725640414283,15,66,1
Age_Group_18-30,Dr. Rafael Jerde,tiTJ7wWm1S,28,1,1.4561408895533532,31,64,1
Age_Group_31-45,Rachael Wiza,wYhnfnyi3f,25,1,1.1995880963513628,32,52,1
Age_Group_46-60,Grace Hettinger,6bAdkEtihX,70,1,0.911224905285053,39,67,1
Age_Group_61-70,Simon Ziemann,QOM8lNthlJ,30,1,0.6563117167679593,35,56,1
Gender,Nellie Robel II,5uOT1vdwtS,23,1,0.8283672286197543,11,56,1
Age_Group_18-30,Jessie Franey,ymqNy7wyEj,19,1,0.5352625356754288,40,58,1
Age_Group_31-45,Annette Pacocha,vMNJELHn4N,28,1,1.639475014875643,12,44,1
Age_Group_46-60,Constance Thompson,pNFswDPYsF,47,1,0.5078522018156946,28,56,1
Age_Group_61-70,Jim Wolf,GqKPAD8vjs,68,1,1.5996422723401338,10,51,1
Gender,Francisco McDermott,zYH4yHgTZm,23,1,0.9079856978496537,30,44,1
Age_Group_18-30,Leon Quitzon,tTC61D9o2o,39,1,1.2846352612832561,24,66,1
Age_Group_31-45,Beth Stiedemann,BLUrBxlWKX,20,1,0.8715365577954799,26,63,1
Age_Group_46-60,Isabel Kerluke Jr.,TmpZ6Yu79L,62,1,1.7015933034708723,11,48,1
Age_Group_61-70,Mrs. Jill Schaden,Dty2vc4fxF,29,1,0.600200193352066,10,54,1
Gender,Lawrence Bins,OvPS5VSmjO,66,1,1.001806790358387,29,59,1
Age_Group_18-30,Dr. Amanda Daniel,dTsdsAcwaT,56,1,1.4434524078387767,11,63,1
Age_Group_31-45,Sheri Veum MD,dRqentnf8o,34,1,1.9280697857029736,11,57,1
Age_Group_46-60,Clarence Kulas,8aYw2fGjzm,65,1,0.7240731558995321,25,61,1
Age_Group_61-70,Naomi Trantow,H2w34EQk6t,26,1,0.7947656931355596,27,50,1
Gender,Jordan Williamson DDS,wWTqknsAu4,23,1,0.788595940801315,33,49,1
Age_Group_18-30,Herbert Fahey,p5TPAuFyGB,59,1,0.7066364210331813,36,42,1
Age_Group_31-45,Kristi West,dUrTLFAJPs,27,1,1.4015301570761949,33,51,1
Age_Group_46-60,Jacob Runolfsdottir-Pouros,wv2wC4023p,36,1,0.6726374282734469,20,65,1
Age_Group_61-70,Warren Franey,WJ9I9C69lZ,62,1,1.4257126493612304,32,51,1
Gender,Kathryn Shanahan,Z0swQibXiG,47,1,0.5612567993812263,15,51,1
Age_Group_18-30,Gabriel Bosco I,VfG5q3MOQs,68,1,1.046237983275205,26,46,1
Age_Group_31-45,Kelley Blanda,yGUQEvIJyy,61,1,1.2704457183135673,37,54,1
Age_Group_46-60,Bennie Gerhold,HVaQFQCttr,67,1,0.6672802095999941,23,54,1
Age_Group_61-70,Ms. Eileen Littel,GzRi3iwW9M,57,1,1.4073725992348045,40,69,1
Gender,Ken Miller,8uP9uXBpe2,19,1,0.540048235678114,39,63,1
Age_Group_18-30,Dr. Dallas Wiegand,iusejS54nT,44,1,1.901178671978414,15,55,1
Age_Group_31-45,Martin Orn,q3ZmAaTgWW,58,1,1.557639111764729,21,63,1
Age_Group_46-60,Evelyn Kutch,HCS7b7rzEy,37,1,0.5913663927931339,13,69,1
Age_Group_61-70,Tom Homenick,x2HYewhIAj,65,1,0.8323670930694789,27,45,1
Gender,Heidi Marquardt,E29hfTDXxn,37,1,0.5834926225943491,35,53,1
Age_Group_18-30,Darren Cummings,gAV60rc5dN,51,1,1.4168335907161236,38,62,1
Age_Group_31-45,Jody Bernhard,i510OuOq68,26,1,1.2233823842834681,20,70,1
Age_Group_46-60,Morris Koch,aXvvKQnm7F,42,1,1.2073943531140685,14,40,1
Age_Group_61-70,Seth Lowe III,7MgCMELH49,39,1,1.8603810257045552,21,52,1
Gender,Nadine Bernhard,O9dG52Eoee,39,1,0.90479608962778,35,45,1
Age_Group_18-30,Dr. Betty Farrell,XPPzBmFsNX,65,1,1.3957555220695212,40,51,1
Age_Group_31-45,Thomas Champlin,SSXv77qOtX,28,1,1.1943177512148395,36,50,1
Age_Group_46-60,Tracy Williamson,mlLysaZimS,56,1,1.0683318236842752,32,45,1
Age_Group_61-70,Vincent Hettinger,hmT02QDyRx,22,1,0.9491872526705265,14,52,1
Gender,Lance McLaughlin,fugN2nqBjS,51,1,1.7181368749588728,22,46,1
Age_Group_18-30,Fernando Stiedemann,A0f6LgMAKj,38,1,1.7099518707254902,25,64,1
Age_Group_31-45,Kathy Tromp,Onb8ZnHVa4,48,1,0.9331398220965639,11,57,1
Age_Group_46-60,Christie Grady,wLpSAndina,61,1,1.178775646374561,16,62,1
Age_Group_61-70,Alton Kuphal,UjgdUrax3U,41,1,1.8445034746546298,22,42,1
Gender,Rufus Bode,YwAuU7BHN8,18,1,1.2062289734603837,13,61,1
Age_Group_18-30,Rosa Lemke I,OE3aa46fcj,48,1,0.5973831858718768,35,69,1
Age_Group_31-45,Israel Pagac I,VOUp4UvqoL,56,1,1.0751098413020372,37,60,1
Age_Group_46-60,Dr. Sergio Legros,TOkQExE2vC,21,1,1.8077567829750478,27,49,1
Age_Group_61-70,Willie Weimann,JcYjQBA3cn,35,1,1.059375278535299,31,43,1
Gender,Lorene Runte,aKjOLWkrjk,19,1,1.9373544760746881,20,70,1
Age_Group_18-30,Antoinette Mills,XU0yt5oF5m,46,1,1.6663848087191582,28,49,1
Age_Group_31-45,Maurice Jenkins,vA68iiRYa2,48,1,0.8380243227584288,11,45,1
Age_Group_46-60,Calvin Collier,h36MdECjpC,62,1,0.8907419269671664,10,69,1
Age_Group_61-70,Andre Kirlin,skpnuNH0xW,56,1,1.7554002474062145,16,42,1
Gender,Sheila Smith,zmk9q9jpSQ,55,1,1.635954649420455,35,44,1
Age_Group_18-30,Amelia Feil,FNjRWJPXA8,45,1,0.6598597704432905,28,49,1
Age_Group_31-45,Melissa Johnson,LtSD6Qybod,38,1,1.6505375093547627,20,56,1
Age_Group_46-60,Lydia Botsford,OJozKG4Q0n,23,1,1.1272735361708328,26,70,1
Age_Group_61-70,Mrs. Shawna Cruickshank,Dd4AjbJeEl,23,1,1.3907985965488479,34,49,1
Gender,Misty Abbott,XoBacf3qJS,43,1,1.6002039031591266,15,57,1
Age_Group_18-30,Damon Haag,WmvkON214G,34,1,0.6509907917352393,23,57,1
Age_Group_31-45,Ms. Mandy Gibson,RqfmpiPVTD,31,1,1.7650960072642192,10,67,1
Age_Group_46-60,Shawna Zieme V,rdoOhwXacS,27,1,0.5219484419794753,33,67,1
Age_Group_61-70,Shelly Hane PhD,bnDBZT2S9Q,18,1,0.9612480098148808,34,65,1
Gender,Darin Jakubowski,35Z4DAzv9r,46,1,0.9976829579100013,11,42,1
Age_Group_18-30,Jamie Carroll II,DytXrWDJnk,70,1,1.2532950459280983,32,59,1
Age_Group_31-45,Estelle Little,7DqGFDYXca,56,1,1.736635260633193,30,60,1
Age_Group_46-60,Marcus Herzog,G1TlrLvAnG,53,1,1.0586294438689947,38,51,1
Age_Group_61-70,Maggie Hegmann,vvbrBQPozC,55,1,1.5759723288938403,27,58,1
Gender,Jan Monahan MD,KIlCM8vq2e,27,1,1.3054764510598034,22,40,1
Age_Group_18-30,Lois Ziemann,CGMQ5JM6oA,25,1,1.6795923768077046,27,65,1
Age_Group_31-45,Moses McLaughlin,4FBOjbeNUK,45,1,1.4274232533061877,35,51,1
Age_Group_46-60,Wilbur Dare,xDbgHX95fo,20,1,1.8414191490737721,25,56,1
Age_Group_61-70,Alonzo Ankunding,GCS4qDnb6Q,36,1,1.180929305497557,12,50,1
Gender,Ed Dooley,ELStWX0T8q,18,1,1.6167271618032828,21,62,1
Age_Group_18-30,Robin Lehner,OH0Y1HHVgU,59,1,1.5340245143743232,39,67,1
Age_Group_31-45,Tami Mohr,weLWRyor0X,42,1,0.5053168182494119,33,58,1
Age_Group_46-60,Edwin Dietrich,dExPuY4Vk5,29,1,1.5788970672292635,23,61,1
Age_Group_61-70,Jan Block,P9xOSP733g,57,1,1.1977891391143203,33,56,1
Gender,Clara Doyle,XMd1SGN4ac,48,1,0.67309887369629,21,68,1
Age_Group_18-30,Kerry Wehner II,6ggtOl6gBv,18,1,0.9877773047192022,16,55,1
Age_Group_31-45,Fredrick Runolfsdottir,QacxZdZVPm,20,1,1.1925705829635262,18,61,1
Age_Group_46-60,Renee Ratke,920gXArpKF,64,1,0.886338000302203,34,45,1
Age_Group_61-70,Archie Kulas Jr.,DiL3vHA4nZ,60,1,1.4802500192308798,36,57,1
Gender,Marlene Crist,RLKelsqvpI,41,1,1.9508241151925176,15,64,1
Age_Group_18-30,Stanley Hand,tpSvkVnxGx,53,1,1.0442335307598114,14,60,1
Age_Group_31-45,Wilma Kertzmann III,VCylx4mkcd,62,1,1.591112122638151,33,57,1
Age_Group_46-60,Mr. Bradford Armstrong,G4IcwFDonE,29,1,1.62870033364743,21,55,1
Age_Group_61-70,Grant Parisian,fP0CEf1xIL,19,1,0.890071063535288,38,50,1
Gender,Saul McCullough,lEojngrurU,18,1,1.3695688493316993,35,55,1
Age_Group_18-30,Karl Torphy,8YOcbMiFJC,25,1,1.2071287774015218,39,49,1
Age_Group_31-45,Mr. Rex Luettgen,EKl9feUXTJ,67,1,1.851685896399431,23,47,1
Age_Group_46-60,Mathew Murray III,Sxhv5y8ugZ,66,1,1.8835572568932548,12,66,1
Age_Group_61-70,Dr. Martin McKenzie,yszMsoklpU,22,1,1.576964155654423,33,42,1
Gender,Patsy Boehm,EzefMP3tvk,20,1,1.9377116258256137,10,45,1
Age_Group_18-30,Robert Nienow,RljUSVmXRN,66,1,0.5165450983913615,35,51,1
Age_Group_31-45,Dolores Kuphal-Graham,JgaOQTS0Aq,62,1,0.9651695376960561,37,52,1
Age_Group_46-60,Greg Heaney,W2Hk0dmEeJ,70,1,1.2701083271531388,15,47,1
Age_Group_61-70,Ms. Tabitha Harris-Zboncak,nCpqjkMNTF,64,1,1.3728786502033472,25,69,1
Gender,Rodney Beahan,1HeqbzH1a2,29,1,0.7679403047077358,23,66,1
Age_Group_18-30,Andrew McKenzie,YnVDsSpYa0,30,1,1.6636823081644252,20,40,1
Age_Group_31-45,Sheri Shanahan,VhBsf8WEpf,36,1,1.5153488455107436,11,44,1
Age_Group_46-60,Debbie Blanda,t4eDLFmcgi,39,1,1.4007961929310113,26,55,1
Age_Group_61-70,Omar Stamm-Little,lCGDXotIcH,34,1,0.5462620764737949,39,63,1
Gender,Charlene Towne,tR9wMf0d0I,24,1,0.9421878906432539,25,56,1
Age_Group_18-30,Victoria Dickinson,oHL02rgXsa,18,1,1.7990696451161057,39,62,1
Age_Group_31-45,Irvin Braun,RKyzzmFD1L,26,1,1.6928183030104265,33,49,1
Age_Group_46-60,Matthew Kuhlman,v8cpNQSLEU,32,1,1.0281574948458,28,65,1
Age_Group_61-70,Ed Beahan,aDYjf64aN0,35,1,1.0984287635656074,37,64,1
Gender,Ken Dooley,1fg9lWGExN,57,1,1.6147539510857314,25,59,1
Age_Group_18-30,Marjorie Renner,FuJO0gnpwj,53,1,1.6285086220595986,27,67,1
Age_Group_31-45,Abraham Champlin,JiNXiSoBjQ,32,1,1.1087392288027331,30,43,1
Age_Group_46-60,Kathy Willms,xh3WG7x2Bo,46,1,1.0343221687944606,27,69,1
Age_Group_61-70,George Okuneva,eaBiDVW9Ax,23,1,1.948998155305162,16,54,1
Gender,Lucille Wintheiser,57kSbh9L0a,41,1,1.7019391153007746,40,42,1
Age_Group_18-30,Kate Crooks V,1wZqQEA43D,56,1,1.022091947030276,11,70,1
Age_Group_31-45,Mr. Daniel Gorczany,RA9SPPTxUU,41,1,0.7640033240895718,36,63,1
Age_Group_46-60,Dr. Donnie Lowe-Hayes,2NDKUZDub3,64,1,1.2690812181681395,11,54,1
Age_Group_61-70,Vicki Jerde,kHvkXz5TuX,39,1,0.8592493820469826,30,46,1
Gender,Nadine Purdy PhD,vkO6iXIH4I,40,1,0.7981718230294064,32,49,1
Age_Group_18-30,Anthony MacGyver,fcU5QXlsL5,34,1,1.123070173081942,19,48,1
Age_Group_31-45,Andres Runolfsson,v5JC3NQNS0,61,1,0.7415460995398462,27,46,1
Age_Group_46-60,Leon Casper,o4JS5dV5tN,21,1,1.5597440989222378,24,70,1
Age_Group_61-70,Mr. Frankie Hettinger,oNrP9JLIDr,26,1,0.6737507751677185,23,60,1
Gender,Mr. Alfred Kirlin,l1XYP1JOcY,27,1,0.7538909172872081,22,57,1
Age_Group_18-30,Perry Wiegand-Kuvalis,nrRlx8keuh,35,1,0.7802316553425044,13,64,1
Age_Group_31-45,Ryan Mraz MD,TLd2klbPC8,45,1,1.9484154387610033,16,49,1
Age_Group_46-60,Lorraine Upton,r6UV1mGzY6,66,1,1.2887972701573744,28,70,1
Age_Group_61-70,Lila Dickinson,bcjXdBoCe1,32,1,1.165158983785659,31,54,1
Gender,Troy Witting,QSFehU10gF,51,1,0.6640833856072277,24,46,1
Age_Group_18-30,Yvonne Ward,m7SUq8WM9y,27,1,0.8479970095213503,25,54,1
Age_Group_31-45,Brooke Daugherty,7y47gLdRfZ,23,1,0.8218385900836438,33,56,1
Age_Group_46-60,Leticia Hills,cd1gzyxS35,34,1,1.2206619345815852,39,61,1
Age_Group_61-70,Elisa Erdman,FR8haxIHHe,47,1,1.9706846683984622,23,64,1
Gender,Forrest O'Kon,Ck8xVlyqaB,57,1,1.4854499361244962,15,68,1
Age_Group_18-30,Josephine Hackett,4a4XTJiQSv,19,1,1.7968333816388622,10,67,1
Age_Group_31-45,Devin Ziemann,bzLH8VH6vi,43,1,0.7057467951672152,35,67,1
Age_Group_46-60,Miss Marcia Maggio V,33Fm1pZzqB,50,1,1.834637903724797,30,54,1
Age_Group_61-70,Willie Doyle,5veqJ3Qvlg,59,1,1.877489137928933,37,50,1
Gender,Shaun Stoltenberg DVM,unjWK0E6rC,27,1,1.2863113726489246,33,45,1
Age_Group_18-30,Dr. Roberto Shanahan,JgysjYSvE5,53,1,1.9961644962895662,30,40,1
Age_Group_31-45,Dr. Joy Weissnat,dXEon8YV8R,63,1,1.2286812673555687,28,64,1
Age_Group_46-60,Herbert Von,H3FhLPRshu,24,1,1.30828925606329,11,59,1
Age_Group_61-70,Jennifer Ferry,gCuRo4LbKr,56,1,1.0333392404718325,17,42,1
Gender,Muriel O'Conner,n2IETo4S4J,69,1,1.8889248062623665,11,60,1
Age_Group_18-30,Lola Lockman,6yWvfTx3JO,20,1,1.005129782948643,19,47,1
Age_Group_31-45,Celia Luettgen,IEB6AhcMC6,31,1,1.8580417720368132,27,41,1
Age_Group_46-60,Mrs. Caroline Kulas Sr.,zqGaBJ2kWw,18,1,0.8387435557087883,31,51,1
Age_Group_61-70,Ralph Littel,rA25Lm444k,64,1,1.2641295288922265,31,48,1
Gender,Sabrina Reichert,R9tX5uxkcO,62,1,0.7020404366776347,33,55,1
Age_Group_18-30,Ms. Elizabeth Ward-Nolan,LnytU0DBf9,41,1,1.2800581529736519,18,70,1
Age_Group_31-45,Maurice Braun-Glover,jIajpUuQnp,58,1,1.9834527799393982,21,56,1
Age_Group_46-60,Ron Kihn,o4cP8uFBK7,38,1,0.7732741937506944,37,70,1
Age_Group_61-70,Oliver Kertzmann,Nd6QEciySR,39,1,1.3758565022144467,35,70,1
Gender,Naomi Marvin,6mcLBsaL3o,44,1,1.8369132918305695,34,49,1
Age_Group_18-30,Anna Murazik,k9KZvVJY2M,23,1,1.9121798273408785,21,43,1
Age_Group_31-45,Ryan Cruickshank,PQFRh2ec9i,42,1,1.8399493446340784,31,40,1
Age_Group_46-60,Darin Halvorson,HSaUwmncCM,46,1,1.6472764265490696,30,46,1
Age_Group_61-70,Desiree Sporer,vQNV4zTUyZ,68,1,0.9528138978639618,10,60,1
Gender,Martin Fay,xqP3I5Te6J,43,1,1.529121997882612,31,51,1
Age_Group_18-30,Trevor Kuhn,yu8eAUSBbq,58,1,1.2502773435553536,17,69,1
Age_Group_31-45,Miss Teresa Hackett,2tgu75koTM,67,1,0.8694696311140433,32,59,1
Age_Group_46-60,Rogelio Lind,XxJ2gNFkJD,62,1,1.2007026666542515,14,68,1
Age_Group_61-70,Kimberly Windler,bZs6h25mm8,61,1,0.5921917814994231,28,53,1
Gender,Andrew Hessel,UffYknz8f1,49,1,0.9829795236000791,38,41,1
Age_Group_18-30,Ivan Welch,I56pwm31O9,27,1,1.0100532926153392,20,50,1
Age_Group_31-45,Arturo Cormier,xEE5u3HnYq,19,1,1.3606542884372175,19,43,1
Age_Group_46-60,Nellie Kutch I,ND6m3z8jg4,26,1,1.7479574453318492,36,51,1
Age_Group_61-70,Jaime Anderson,hmF4qiC3s4,61,1,0.645922928233631,15,41,1
Gender,Arlene Greenholt,Uey93G0DkW,52,1,1.1700204513035715,19,62,1
Age_Group_18-30,Mr. Sammy Yundt-Denesik,VmwzoP5rsl,32,1,0.6465500227641314,37,48,1
Age_Group_31-45,Lance Veum,T317FMROvY,67,1,1.573856663191691,31,62,1
Age_Group_46-60,Joanna Predovic,ESRM24gNT0,38,1,1.1878345244331285,35,43,1
Age_Group_61-70,Mr. Harold Beer,lTxciAKlGx,56,1,0.7184938904829323,32,62,1
Gender,Stacey Rice-Larkin,lt1ZceCPYF,35,1,1.7401938203256577,19,55,1
Age_Group_18-30,Tara Brown,6pYy2GFHKO,36,1,1.4460953186498955,34,45,1
Age_Group_31-45,Audrey Hammes,JnFJBXJAEc,26,1,1.148954464471899,39,69,1
Age_Group_46-60,Violet Rempel-Hickle,9ZeFGRgBXx,36,1,1.0492792429868132,38,58,1
Age_Group_61-70,Rex Harvey,W8kM0ckxFq,49,1,1.320034593809396,29,56,1
Gender,Roosevelt Kiehn,lP4L0p28GD,34,1,1.0569341435329989,13,59,1
Age_Group_18-30,Camille Nikolaus,mumienhBJi,66,1,0.9261142020113766,34,49,1
Age_Group_31-45,Barbara Tremblay,A8kC7NtTTS,32,1,1.4455787639599293,14,43,1
Age_Group_46-60,Cornelius Hermann,2rtaESUtDk,69,1,1.8370021815644577,32,56,1
Age_Group_61-70,Dr. Allen Kuhn,IrnKZzwUtf,35,1,1.6575956232845783,22,68,1
Gender,Harvey Volkman,NVaE2yyGJR,37,1,0.8803344499319792,31,45,1
Age_Group_18-30,Vickie Padberg,FzQmxsAJ1Q,51,1,1.8193025685613975,34,47,1
Age_Group_31-45,Betty Roberts,LHZMd43O4V,36,1,0.863671975210309,22,61,1
Age_Group_46-60,Rolando Schulist,Tu8Gh5dDG4,68,1,1.4119483615504578,24,56,1
Age_Group_61-70,Mr. Larry Witting,3ctAlZ2p7y,19,1,1.7196425427682698,11,45,1
Gender,Tracey Roob,Wx5sxei5tU,64,1,1.044079325045459,20,65,1
Age_Group_18-30,Christina Braun,Q6kOoKUktP,23,1,1.1203442555852234,12,60,1
Age_Group_31-45,Malcolm Schroeder,pdoMihTz4r,20,1,0.9572107348358259,36,51,1
Age_Group_46-60,Chad Little,Hy3u9ZewXI,69,1,0.5454983876552433,29,58,1
Age_Group_61-70,Mr. Allan Harris,Cx4i4mnt2Q,46,1,1.352577143581584,34,57,1
Gender,Kristine Welch,wWMnXALJYR,66,1,1.9359058376867324,29,62,1
Age_Group_18-30,Toni Dibbert,yAzi0FoB2K,39,1,1.2748560826294124,31,60,1
Age_Group_31-45,Mrs. Mary Wyman III,V2vRFLZdJj,44,1,1.94028887944296,31,44,1
Age_Group_46-60,Wilfred Lueilwitz MD,GFrkMfWyYQ,54,1,1.1248459868365899,24,55,1
Age_Group_61-70,Lillian Lindgren MD,8jNbzVEfRC,28,1,0.8332826046971604,31,52,1
Gender,Norma McGlynn,M2RTCFfTOJ,55,1,1.472380114137195,13,67,1
Age_Group_18-30,Dr. Kathryn Wunsch,vBIB0Jxg4F,30,1,1.9439999922178686,34,63,1
Age_Group_31-45,Larry Wolff,ge9MeZ0by0,37,1,1.4767355553340167,34,42,1
Age_Group_46-60,Richard Mann,XQAI2Y3nP4,30,1,1.5941525193629786,17,47,1
Age_Group_61-70,Hubert Hansen,XSPxNtOLdL,38,1,1.3082282459363341,16,40,1
Gender,Silvia Hyatt,QOqIexA0hy,28,1,1.1654891553334892,33,68,1
Age_Group_18-30,Kristina Monahan,hBbl9CFNnI,57,1,1.7094784531509504,25,44,1
Age_Group_31-45,Dora Stracke,SpB1higvtW,23,1,1.7800138621823862,11,69,1
Age_Group_46-60,Tricia Krajcik,C2E0n4V4qR,29,1,1.8670654754387215,35,69,1
Age_Group_61-70,Laura Hills Jr.,3imZMBpmSp,63,1,0.8087058587698266,32,47,1
Gender,Eula Thompson,spikpH9V9Y,35,1,1.8726461553014815,33,70,1
Age_Group_18-30,Dr. Virgil O'Connell,Ms2mAuKznt,19,1,1.0585220510838553,40,56,1
Age_Group_31-45,Franklin Considine,i9ERJuF8u0,43,1,1.2730353904189542,29,52,1
Age_Group_46-60,Rex Heathcote,h1RvUrymp6,28,1,1.7868830490624532,16,63,1
Age_Group_61-70,Simon Grant,uKON80GbAh,69,1,1.9967282341094688,30,59,1
Gender,Kelli O'Conner,QlnXbcmZso,19,1,1.1570063829421997,38,67,1
Age_Group_18-30,Beth Wuckert,zhCBqG1fMT,45,1,1.5845700548961759,38,51,1
Age_Group_31-45,Eloise Pfeffer,2SWpNjKJCV,66,1,0.9989455414470285,18,48,1
Age_Group_46-60,Clara Ratke,EB2BbaaN80,52,1,0.675172554794699,16,50,1
Age_Group_61-70,Elisa Yost,xI9IGzuQlx,56,1,1.974040979752317,38,62,1
Gender,Miss Shelly Nolan,2KcMncAXcl,22,1,1.0478490213863552,23,55,1
Age_Group_18-30,Edith Zulauf,RldBss3t70,21,1,0.7286354900570586,26,42,1
Age_Group_31-45,Dwayne Rohan,paVAHp0YWa,43,1,1.7465718667954206,24,58,1
Age_Group_46-60,Lewis McGlynn,id8MaxUMgV,43,1,0.8716916132252663,23,64,1
Age_Group_61-70,Pearl Jerde,uIwgrRvsJI,59,1,1.7397055416367948,21,67,1
Gender,Ida Pfeffer,6XfrtI9Ykn,32,1,1.1000933815957978,36,60,1
Age_Group_18-30,Ella Boyle,P1aom8qrc0,19,1,0.9184022877598181,33,59,1
Age_Group_31-45,Lynn Stiedemann,pef4gpXT5u,26,1,1.909714970504865,21,66,1
Age_Group_46-60,Leon Kunze,rRNi8DhfZg,62,1,0.6800940961111337,36,51,1
Age_Group_61-70,Georgia Bernhard,f4ZTMG4fZi,54,1,1.7365888343192637,10,59,1
Gender,Ms. Misty Tremblay,AlNBiUUgqx,49,1,0.729676490300335,22,43,1
Age_Group_18-30,Adrian Heaney,sVYuMHmNjg,51,1,1.739646423375234,12,52,1
Age_Group_31-45,Maryann Russel,PaTFyGKNe0,20,1,1.9809195320121944,26,54,1
Age_Group_46-60,Dan Moore,7rDqXTMPXZ,69,1,1.6669640219770372,10,67,1
Age_Group_61-70,Alyssa Conroy,xHQt8iKJRH,28,1,1.780429296195507,26,43,1
Gender,Winifred Champlin DDS,1oCRyuNfP4,23,1,1.4813030551886186,20,41,1
Age_Group_18-30,Mrs. Marlene Dare,A9kCBpalyn,26,1,1.0339986853068694,10,44,1
Age_Group_31-45,Janice Bogan,IQ8ro0WtTa,36,1,1.0609885574085638,25,57,1
Age_Group_46-60,Emma Shanahan,nmZ93D7Lwy,36,1,0.9998336309799924,34,46,1
Age_Group_61-70,Mandy Kreiger,LXq32O3JGV,59,1,1.9768888612743467,30,55,1
Gender,Preston Homenick,o5xc6aFqaU,52,1,1.5360857672058046,29,47,1
Age_Group_18-30,Melissa Lueilwitz,7fseNwtnQM,48,1,0.9169336298946291,18,43,1
Age_Group_31-45,Emily Baumbach,Rl09NXHKOF,54,1,1.5600224542431533,16,52,1
Age_Group_46-60,Jennie Abbott,pnyTX7btaK,31,1,1.6751099567627534,40,46,1
Age_Group_61-70,Clark Mills,uTaT9djNvM,68,1,1.3899462980916724,32,44,1
Gender,Patrick Little,vTcSSgiB92,20,1,1.4621737675042823,25,70,1
Age_Group_18-30,Gerard Jacobson,dQuf9YxiaM,22,1,1.1181746408110484,37,50,1
Age_Group_31-45,Elvira Jakubowski,GovmyDONpB,47,1,1.578466454637237,20,47,1
Age_Group_46-60,Shannon Senger,DhzTk26o02,43,1,1.2162872845074162,12,67,1
Age_Group_61-70,Alberto Gerhold-Bauch,1NUJP3iSbr,33,1,1.5107866108883172,30,65,1
Gender,Elena Romaguera Jr.,pNz7EzKxa5,31,1,0.9776476619299501,28,59,1
Age_Group_18-30,Israel Feil,Y8XeGxREeq,33,1,1.756384932436049,30,48,1
Age_Group_31-45,Angela Treutel,PxHOpiGqSF,21,1,1.5986401536501944,40,66,1
Age_Group_46-60,Herman Torp,JY0gJ3VbrN,20,1,0.9845679375575855,10,63,1
Age_Group_61-70,Cora Botsford,AHvkb8RerC,51,1,0.9321200951235369,20,44,1
Gender,Marian Kertzmann,fF4KXj8RqW,19,1,0.8492788634030148,14,66,1
Age_Group_18-30,Hugh Bode,kNmqsXHLUR,26,1,1.265956156537868,32,55,1
Age_Group_31-45,Walter Rolfson,tyY4oDupdV,58,1,1.3118377232458442,12,44,1
Age_Group_46-60,Harriet Farrell,s1UMXu4XC3,28,1,1.6996514305938035,31,61,1
Age_Group_61-70,Mr. Doyle Simonis,hy4GelWX69,29,1,1.6852482088143006,17,43,1
Gender,Earl Jast I,Ki4l31iNW2,55,1,0.9919329070253298,40,45,1
Age_Group_18-30,Irving Hessel,LMwuTYxJqG,24,1,1.5676644078921527,10,44,1
Age_Group_31-45,Crystal Daniel,gDYlhXNal8,19,1,1.3049641519319266,24,46,1
Age_Group_46-60,Lauren Hammes,uNWoMBJDBD,29,1,1.4930640559177846,38,40,1
Age_Group_61-70,Corey Raynor,l8FdVYP8j1,65,1,1.6826582859503105,38,43,1
Gender,Edgar Stanton,db05LUlQLq,42,1,1.009113232139498,32,55,1
Age_Group_18-30,Frances Collins-Bruen,9bReWg9h8H,53,1,1.5944955134764314,26,54,1
Age_Group_31-45,Anne Corkery,hhn2f4sns9,18,1,1.7085653747199103,23,69,1
Age_Group_46-60,Lee Anderson,nORvVgdhZF,18,1,1.3821616296190768,30,40,1
Age_Group_61-70,Mildred Huels DVM,pR0wrgupB9,50,1,1.3503072295570746,22,57,1
Gender,Willie Jakubowski-Kunde,wecrOXj1OU,21,1,1.0421933800680563,26,58,1
Age_Group_18-30,Dianna Cartwright,R3RLUjSJGi,34,1,1.2594953150255606,18,51,1
Age_Group_31-45,Marcos Boehm,0o613wiK6I,18,1,1.8571394765749574,26,60,1
Age_Group_46-60,Nora Zulauf,kOI0ZQEzMt,52,1,1.4595333468168974,13,70,1
Age_Group_61-70,Winston Satterfield,RvZNMy8KFl,62,1,0.6333308632019907,34,63,1
Gender,Bonnie Hane,87ErSrF7L6,56,1,1.0400368368718773,34,57,1
Age_Group_18-30,Desiree Maggio Sr.,Q3sxjB0OhM,31,1,1.6668173582293093,35,53,1
Age_Group_31-45,Tara Fritsch,nFplxdY1yp,28,1,1.2112994898343459,33,43,1
Age_Group_46-60,Wilbur Zboncak,Y1haDTNqBg,66,1,1.5507498275255784,26,50,1
Age_Group_61-70,Eugene Bogisich-Terry,srg6ltHfOp,67,1,1.8449657827150077,29,66,1
Gender,Elsa Volkman,CT7Sh2OvX6,30,1,1.7283978796331212,35,68,1
Age_Group_18-30,Connie Torphy,382svQDaPw,22,1,1.6634966881247237,40,46,1
Age_Group_31-45,Santos Halvorson,vU20L7WKDu,59,1,0.548459108103998,23,50,1
Age_Group_46-60,Rochelle Skiles I,KeoL1rKmwr,39,1,1.2686157857533544,19,54,1
Age_Group_61-70,Mr. Levi Cremin,IQemTfFra6,65,1,1.076824689982459,14,45,1
Gender,Leah Mueller,qNkxB0lpWl,60,1,1.8307739878073335,17,61,1
Age_Group_18-30,Dianna Trantow,6Ed8TP41F6,39,1,0.8799712721956894,29,63,1
Age_Group_31-45,Marianne Block,2qbrEDFFi1,35,1,1.393561911652796,17,65,1
Age_Group_46-60,Noah Barrows,UmCfGcd50y,19,1,1.222443668055348,12,58,1
Age_Group_61-70,Annie Bins,2YgGi3HH66,28,1,0.5805191085673869,29,46,1
Gender,Cory Gerhold,dq2LKjrHqe,24,1,0.8783100586151704,22,63,1
Age_Group_18-30,Sonya Rutherford,LW6tf4noVM,51,1,1.4380395790794864,33,52,1
Age_Group_31-45,Dr. Shane Wuckert PhD,iDDHyqgZue,23,1,1.5906817227369174,35,67,1
Age_Group_46-60,Alyssa Balistreri,QThangXwd4,30,1,1.2865804687608033,10,41,1
Age_Group_61-70,Kerry Ebert,MtB2B11Jnb,35,1,1.80481845268514,29,41,1
Gender,Mr. Henry Toy DDS,x5msv2ZANR,41,1,0.7611775679979473,14,70,1
Age_Group_18-30,Juana O'Kon,NIlIwkAWQP,39,1,1.9383778938790783,34,65,1
Age_Group_31-45,Terri Prosacco,WuKVh1ni8U,51,1,0.6422038781456649,31,49,1
Age_Group_46-60,Pablo Kihn,Fdg5hlVQJt,31,1,1.898318765568547,34,47,1
Age_Group_61-70,Hugh Dickinson,3P2Br2Ja3t,31,1,1.6580028164898977,39,59,1
Gender,Leslie Walsh PhD,ALmFBJrhg7,61,1,0.7943251843098551,18,63,1
Age_Group_18-30,Nicole Hoeger I,l9qM5MUzoc,70,1,1.0079867036547512,19,41,1
Age_Group_31-45,Roxanne Walsh,zINZXXLM6Y,68,1,0.5941334444796667,10,54,1
Age_Group_46-60,Gerard Goldner I,iMLIUxRIJi,45,1,1.1504120603203773,28,43,1
Age_Group_61-70,Lyle Ziemann,1jo8Zo1OTo,32,1,0.6034294151468202,15,48,1
Gender,Jenna Schultz,dufICNMf9y,53,1,1.3383842908078805,31,70,1
Age_Group_18-30,Audrey Mills,Z8m7kJ5OTk,42,1,1.3012966089881957,33,47,1
Age_Group_31-45,Jackie Wuckert,XNztE9hdwr,47,1,1.6680663927691057,24,66,1
Age_Group_46-60,Dwayne Goyette,VwhmhFZEAZ,28,1,1.9405658507021144,31,41,1
Age_Group_61-70,Brendan Gleason-Schoen,iosmnDoSlU,42,1,1.0361223274376243,27,55,1
Gender,Meredith Deckow V,EwjbLmmwYf,67,1,1.7047265241853893,20,48,1
Age_Group_18-30,Sammy Strosin,GCdrr7cmhn,50,1,1.4640827951952815,15,47,1
Age_Group_31-45,Courtney Huels,NANwz0khsr,61,1,1.7083034255774692,27,61,1
Age_Group_46-60,Victoria Moen,oIuYTNejHl,20,1,0.5898695172509179,27,57,1
Age_Group_61-70,Bryant Bosco,0pLvNoatXP,52,1,1.4945489439414814,25,46,1
Gender,Eduardo Leffler,RcqzhsI43r,68,1,0.5806395977269858,28,45,1
Age_Group_18-30,Jan Haag,PzofSYNn7B,62,1,1.687828748486936,22,47,1
Age_Group_31-45,Aaron Rodriguez IV,NBd1GIaEyy,18,1,0.5490966276265681,10,63,1
Age_Group_46-60,Cristina Bailey,wKxV5WYn4K,18,1,0.7038976764306426,10,65,1
Age_Group_61-70,Minnie Schneider,wKpPxOs7dE,22,1,0.8058382469462231,29,48,1
Gender,Angelica Muller,pc4uTRcBaW,47,1,1.8821991147706285,13,62,1
Age_Group_18-30,Nettie Bergnaum,MZwzogwcn4,50,1,1.5465603689663112,39,43,1
Age_Group_31-45,Tanya Ratke,2o64oRbrMS,45,1,0.9154132305411622,38,47,1
Age_Group_46-60,Otis Schmidt,akxo9fUcsC,33,1,0.5903818680671975,39,60,1
Age_Group_61-70,Vivian Lesch,0wgTp9sEqD,39,1,1.4396403214195743,38,62,1
Gender,Darla Schamberger,QJYlV8xI97,32,1,0.5395796719240025,25,64,1
Age_Group_18-30,Marc Jast,9ZixjypEOR,62,1,0.6344282509526238,23,42,1
Age_Group_31-45,Jorge Stanton,zFD2ocXcDK,23,1,1.5487761194817722,25,44,1
Age_Group_46-60,Ebony Hirthe,ddGarFkuZM,68,1,1.936646994552575,31,41,1
Age_Group_61-70,Olive Klocko PhD,35ETACW8rE,47,1,0.7628819211386144,22,59,1
Gender,Roger Stanton,lKZjp07MHK,42,1,1.4166188613744453,33,56,1
Age_Group_18-30,Sarah Harber,8WVKd4UBfo,58,1,1.07010987540707,27,44,1
Age_Group_31-45,Lloyd Marquardt,0jw2BE9VCM,47,1,1.969606059952639,19,53,1
Age_Group_46-60,Pedro Haag,Mp4lWjgldM,48,1,0.7776461071334779,30,49,1
Age_Group_61-70,Toby Wolff,aRcKiNEo4l,24,1,1.966997440555133,19,65,1
Gender,Natasha Lowe,aL82YW1QCU,31,1,1.1960889196489006,23,64,1
Age_Group_18-30,Dustin Gerhold,81pilUrQbg,49,1,1.3646749801700935,39,52,1
Age_Group_31-45,Della Schuster,urHsA9REsf,36,1,0.5160335372202098,33,50,1
Age_Group_46-60,Mr. Dewey Schaefer,efhfZ2pvqC,51,1,1.7778960486175492,22,69,1
Age_Group_61-70,Bessie Schumm,Y6MlQ324ws,44,1,1.0313067763345316,37,46,1
Gender,Nadine Littel,EUww5mth1q,69,1,0.8400538644054905,15,51,1
Age_Group_18-30,Rose Homenick,VXgSKOOOkZ,24,1,1.6393309292616323,15,65,1
Age_Group_31-45,Miss Olga Lockman,BNyHIdr3ZX,41,1,0.6634906512917951,14,44,1
Age_Group_46-60,Alex Fisher,lLY3sWOJ0m,34,1,1.5638717259280384,37,50,1
Age_Group_61-70,Mr. Damon Kilback,iNx8pCwirg,56,1,1.599267286597751,14,49,1
Gender,Levi Schumm,D8MNLcvLY8,68,1,0.7475482242880389,10,44,1
Age_Group_18-30,Luis Gulgowski,2Cm0IHeiog,26,1,0.9471439503831789,10,52,1
Age_Group_31-45,Sergio Wilkinson,9vUlpUgKgY,49,1,0.6538391716312617,27,68,1
Age_Group_46-60,Lena Barrows,xEzmTSnFbt,23,1,1.6577565467450768,23,46,1
Age_Group_61-70,Mr. Jackie Schimmel,ejxNZ8CCRe,35,1,1.773123208549805,18,61,1
Gender,Pete Pacocha IV,xiB7jmfTt1,26,1,1.5567702244734392,37,51,1
Age_Group_18-30,Jeffery Pacocha,j75fZwabN0,21,1,1.66985098621808,15,66,1
Age_Group_31-45,Elizabeth Kerluke,NWkqAEooZR,57,1,1.758235785877332,11,68,1
Age_Group_46-60,Derrick Schmidt II,fG4cKvreV8,44,1,1.8544257550965995,39,42,1
Age_Group_61-70,Nicholas Boyle,ULOjQQ9ClG,28,1,1.5653490328695625,22,64,1
Gender,Tommy Greenfelder,xgJTeVVVww,59,1,0.9631001666421071,33,41,1
Age_Group_18-30,Tanya Bogan,URgGLBwa02,62,1,1.8752884046407416,33,45,1
Age_Group_31-45,Edith Gleason,FATgfA6HU5,48,1,1.680475089000538,40,58,1
Age_Group_46-60,Merle Schowalter,OLwkTWL0O4,60,1,1.723299469333142,10,57,1
Age_Group_61-70,Sherri Johnston,xd3shkDimk,61,1,0.5946611149702221,23,47,1
Gender,Lillie Daniel,jF0RyTABro,67,1,1.7984865059843287,32,52,1
Age_Group_18-30,Edna Wilderman,uMaJdu5dqC,30,1,1.5321651543490589,26,70,1
Age_Group_31-45,Mr. Greg Franey I,JgEVBWnx2w,55,1,1.2539741334039718,33,61,1
Age_Group_46-60,Jessica Graham III,ZVoBIt0hmP,68,1,0.9071951024234295,11,56,1
Age_Group_61-70,Mr. Jan Ziemann-Johnston,Jvff6UfTWY,33,1,0.8463067795382813,15,44,1
Gender,Wanda Harris,JGvFI56j1N,22,1,1.3611432844772935,25,47,1
Age_Group_18-30,Gail Casper,yR6zJsyKZw,54,1,0.6903587909182534,27,44,1
Age_Group_31-45,Mrs. Gwen Conroy,F7v3p3UaUu,18,1,1.1916463957168162,35,54,1
Age_Group_46-60,Dewey Haley,GyUnOLgg3d,63,1,0.7752674120711163,22,51,1
Age_Group_61-70,Clyde Hahn,b4ANCg4ToV,52,1,1.5926022521452978,15,60,1
Gender,Miguel Connelly,uBxSnBEmlI,70,1,0.601627673022449,37,64,1
Age_Group_18-30,Santiago Daugherty,C93JNChQmV,68,1,1.130630309926346,18,67,1
Age_Group_31-45,Heather Cole,PtuRI5AJFp,47,1,1.9907874854980037,24,54,1
Age_Group_46-60,Jonathon Hettinger,MZDO2FM8TV,70,1,1.6217989581637084,24,62,1
Age_Group_61-70,Mrs. Lorene Hane,8G0X5bjqXq,51,1,0.9809364762622863,39,51,1
Gender,Casey Stark,54wX0osYuh,52,1,1.2989030440803617,33,65,1
Age_Group_18-30,Robyn Quitzon,HVjrOXT6qO,46,1,0.5627827723510563,10,53,1
Age_Group_31-45,Emma Price,pjKsUHJhdo,34,1,0.6133557506836951,15,63,1
Age_Group_46-60,Charlene McCullough-Farrell,IdJv1JfxWq,51,1,1.4082753309048712,10,69,1
Age_Group_61-70,Sandy McKenzie,3wVqjmS7WB,38,1,1.3166672330116853,30,44,1
Gender,Jacquelyn Bergstrom,MguOhzutg0,41,1,1.619750736397691,22,41,1
Age_Group_18-30,Janice Beahan,yU8EDoTlZd,29,1,1.3726043360074982,13,55,1
Age_Group_31-45,Jean Swift,DyRwvXXt4P,40,1,1.4262271183542907,14,63,1
Age_Group_46-60,Celia Purdy,A1pGpU5JLF,70,1,1.9844331636559218,31,62,1
Age_Group_61-70,Randal Parisian-Will,2ZnQoGMKmR,65,1,1.6953291356330737,13,60,1
Gender,Rick Klocko-Jacobs,NisJoKsmqg,35,1,1.9936037805164233,28,68,1
Age_Group_18-30,Tommy Stanton,fV6BBM668b,22,1,1.4562648124992847,19,43,1
Age_Group_31-45,Laverne Dooley,Gnl6EkSIwY,20,1,1.100609238841571,19,56,1
Age_Group_46-60,Ms. Shelia Hartmann,DngQ3C9QXh,23,1,1.2156061134301126,38,54,1
Age_Group_61-70,Gilbert Kuhn,FLSGwd5gbQ,26,1,1.7453505033627152,34,70,1
Gender,Crystal Walker,oNHKhxr6Ku,28,1,1.3749252137495205,21,59,1
Age_Group_18-30,Clark Krajcik,MaLoT014QP,32,1,1.9761757876258343,35,42,1
Age_Group_31-45,Robin Waters,Od7SCsvcW8,68,1,0.7607563916826621,31,64,1
Age_Group_46-60,Esther Larkin,Mkl2hv94Wg,34,1,1.2269505796721205,31,70,1
Age_Group_61-70,Erin Price,j5PESUwc2w,51,1,0.6054402295267209,31,58,1
Gender,Mike Senger,tD5S89HopP,68,1,0.8389414203120396,23,42,1
Age_Group_18-30,Blanca Rogahn,sgZb6epeW8,21,1,0.6097993867006153,11,62,1
Age_Group_31-45,Todd Spencer,XVr0Py3k67,49,1,0.8031881210627034,14,58,1
Age_Group_46-60,Dr. Leigh Homenick-Reichert,q1YkFTqEZ8,52,1,0.68342876189854,17,40,1
Age_Group_61-70,Denise Hegmann,RTchD1GLKd,34,1,1.0485445241210982,25,52,1
Gender,Ms. Sandra Stehr,oXVL7wvLFy,63,1,0.9506012147758156,40,59,1
Age_Group_18-30,Emma Witting-Toy Jr.,3UQZKVnJOc,49,1,1.9966708519496024,21,44,1
Age_Group_31-45,Marion Jacobson-Miller,MHXVy2lNfs,39,1,0.7070324645610526,27,52,1
Age_Group_46-60,Irvin Littel,024fTWr9mE,48,1,1.9469973122468218,28,43,1
Age_Group_61-70,Marshall Pfannerstill,52WWeQVIVm,18,1,0.9640283792978153,28,70,1
Gender,Kara Towne,se7cY9Ckgl,63,1,1.8821545513346791,39,59,1
Age_Group_18-30,Abraham Wiegand,lAP9RjosYK,70,1,1.576448539737612,40,57,1
Age_Group_31-45,Phil Ortiz,LBjAq719sN,60,1,1.051355363219045,22,51,1
Age_Group_46-60,Delia Haag,rJlCIuJgPQ,49,1,1.7123966846847907,32,61,1
Age_Group_61-70,Jason O'Kon,MWSP8gN8PQ,41,1,1.0265107585582882,36,49,1
Gender,Gladys Shields III,LPZVUC7YtY,51,1,1.8261062480742112,29,57,1
Age_Group_18-30,Jerald Johnson,VXBgs5vXap,58,1,0.5820808100979775,13,60,1
Age_Group_31-45,Marie Green,eQgRGov7bR,57,1,1.742738456465304,21,43,1
Age_Group_46-60,Santos Larkin,s14B9cz9Nd,24,1,1.2163921864703298,19,41,1
Age_Group_61-70,Shari Parisian,Bn03Q7zssb,51,1,0.7580041410401464,31,52,1
Gender,Lorene Herzog,KACw03KOpR,42,1,1.456999852322042,28,68,1
Age_Group_18-30,Louis Larson,MiIDpNlxcG,50,1,1.7335176704218611,14,53,1
Age_Group_31-45,Glenda Koepp,6rtJe0lzB7,38,1,0.6842827971559018,24,42,1
Age_Group_46-60,Mr. Clayton Hilpert,QTQO7gxIGZ,46,1,1.0032798878382891,13,57,1
Age_Group_61-70,Vera Bergstrom PhD,zqjuI8LaTL,24,1,0.7838931643636897,25,62,1
Gender,Gerardo Abbott,ou5ktdQKNt,39,1,1.0072356135351583,24,51,1
Age_Group_18-30,Cecilia Russel,6uqQrCA0m0,59,1,0.6213544011116028,10,48,1
Age_Group_31-45,Ernesto Hamill,rUrmiNttDt,62,1,0.6366635850863531,32,53,1
Age_Group_46-60,Mike Denesik,hJ56XXpQuK,58,1,0.9051653309725225,32,61,1
Age_Group_61-70,Jeannette Effertz,R8egUl8fwo,63,1,0.6790062797954306,16,65,1
Gender,Cora Cummerata,Jer5aTHOZE,65,1,0.8033736014040187,30,49,1
Age_Group_18-30,Bryant Bartell,TyqsRfovZP,36,1,0.564886435167864,40,69,1
Age_Group_31-45,Derrick Runte III,MwOOo4q16T,49,1,1.4277984894579276,23,55,1
Age_Group_46-60,Adrian Hauck-Ziemann,U3nf1UC3O0,63,1,0.8918058726703748,29,52,1
Age_Group_61-70,April O'Conner,tP5o4Gprc0,42,1,1.4684390197508037,36,66,1
Gender,Diana Trantow,SMSnZTGafx,23,1,1.4355213948292658,31,46,1
Age_Group_18-30,Cedric Koch,roXNihmT5s,51,1,1.4543238162295893,12,65,1
Age_Group_31-45,Pearl Balistreri,7AxbdCOt2Y,53,1,1.8096231488743797,29,41,1
Age_Group_46-60,Eric Balistreri,e6lMtjcUQy,28,1,1.2798646281007677,21,62,1
Age_Group_61-70,Ramon Trantow-Grant III,I5DE5w7NS7,60,1,1.7900121703278273,33,57,1
Gender,Jeffrey Stark,VzIuFoM5wv,34,1,0.9138099827105179,10,48,1
Age_Group_18-30,Rufus Monahan-Olson,2Pz8F1K9yv,55,1,0.6658765953034163,35,59,1
Age_Group_31-45,Ignacio Gorczany,DtzJ8thdKD,31,1,1.3947032638825476,33,56,1
Age_Group_46-60,Felicia Gorczany,o4pBlFHdUh,45,1,0.709926596027799,34,41,1
Age_Group_61-70,Ernest Ankunding,xpBoB5Jd27,58,1,1.6598342064535245,37,65,1
Gender,Lauren Smitham,HXrMRAANgn,62,1,1.4602272681659088,37,49,1
Age_Group_18-30,Cristina Fadel,VTPyCGrJuW,19,1,1.557676708442159,15,58,1
Age_Group_31-45,Kay Dare,W3H4J1zdBX,52,1,0.7256601466797292,10,43,1
Age_Group_46-60,Johnnie Harvey,LMBGQrXag8,31,1,1.0242313226917759,40,47,1
Age_Group_61-70,Everett Koelpin,1PFU3GhWq5,58,1,0.983778469148092,38,41,1
Gender,Elmer Adams,btov0SfiJs,62,1,1.8791216138051823,26,50,1
Age_Group_18-30,Doris Hegmann,NU9bsNt85k,41,1,1.6675914528314024,40,53,1
Age_Group_31-45,Abraham Olson,svSHDGxY1y,39,1,1.2131601389264688,30,56,1
Age_Group_46-60,Mr. Clarence Gusikowski IV,nU0SdSqSXM,39,1,1.9809910617768764,26,53,1
Age_Group_61-70,Eunice West,pxg1fQWiFk,19,1,1.6916440916247666,38,65,1
Gender,Vera Cruickshank-Smith,Bm5qfG9kvr,45,1,1.4914578185416758,39,45,1
Age_Group_18-30,Crystal Bechtelar,Nk8PtWvdpf,31,1,1.4162249653600156,36,62,1
Age_Group_31-45,Kathleen Langworth-Franecki,WEcn48NUs0,19,1,0.7532171442871913,13,47,1
Age_Group_46-60,Marco Gerlach,4Y7OoSiX2X,38,1,1.0127615637611598,25,49,1
Age_Group_61-70,Tracy Kulas,veK7AguMKZ,39,1,1.331556115532294,18,45,1
Gender,Ray Brekke,zXwx8qpbxT,61,1,0.6792141258483753,19,61,1
Age_Group_18-30,Richard Beatty,16eq4wBZm9,33,1,1.9542759847827256,31,54,1
Age_Group_31-45,Johanna Price II,qRLrfurYZt,59,1,0.9525541269686073,10,46,1
Age_Group_46-60,Clarence Bernhard,gwX2qyHz6M,20,1,0.5991056229686365,18,59,1
Age_Group_61-70,Mr. Gabriel Hickle,WuhTX8rk6B,44,1,1.4334242615150288,19,51,1
Gender,Santos Fay II,M3piWidLuH,26,1,0.6474376795813441,39,45,1
Age_Group_18-30,Conrad Leffler,0aFUcfEJUR,53,1,1.7194501952035353,38,51,1
Age_Group_31-45,Eileen Gislason Sr.,HhpthwMP1T,18,1,1.2766454425873235,19,54,1
Age_Group_46-60,Ben Rowe,Zn5Nfz2XOz,58,1,0.684722964069806,35,40,1
Age_Group_61-70,Yvonne Blick,qOvYsSxG4Z,65,1,1.8990118826040998,32,46,1
Gender,Ben Williamson,9jojhXgPzm,42,1,0.9266831142595038,40,63,1
Age_Group_18-30,Claude Hilpert PhD,40OLeDInle,55,1,1.3195326662389562,14,50,1
Age_Group_31-45,Dr. Lena Olson,xst7TeqYRR,45,1,1.389939553802833,14,58,1
Age_Group_46-60,Dr. Bob Collier,3EVjK7F5a1,45,1,1.4459868397098035,32,66,1
Age_Group_61-70,Harold Monahan,0pss9iqqEN,60,1,1.0710263691144064,18,58,1
Gender,Felicia Barton,gzpMrNBnBC,51,1,0.9753965708659962,19,49,1
Age_Group_18-30,Terri Gislason,5Fmg3Ia60y,20,1,1.7249871962703764,31,61,1
Age_Group_31-45,Rochelle Mann,HUEjWJpBUN,19,1,0.9910849028965458,16,44,1
Age_Group_46-60,Heather Parisian,6qaNq0Qrlw,63,1,1.331508875475265,30,69,1
Age_Group_61-70,Alison Johnston,nnPLmnt0qW,60,1,1.991071629570797,32,56,1
Gender,Andrea Marks DDS,3ILyqMiQFF,48,1,1.8391985209891573,11,57,1
Age_Group_18-30,Jaime Torp,JqWT9ecIdS,56,1,0.7284525679424405,25,67,1
Age_Group_31-45,Ellen Romaguera,7RMGNEeT2j,46,1,1.3376088317018002,26,65,1
Age_Group_46-60,Dr. Alejandro Gleichner,qWN9cNXaPT,31,1,0.6995965258684009,37,67,1
Age_Group_61-70,Paulette Feest,dWDitRIngf,54,1,1.0199342649430037,24,49,1
Gender,Ruth Skiles DVM,5WsIIbQTIE,55,1,1.0948085783747956,27,44,1
Age_Group_18-30,Rick Lueilwitz PhD,95euAvB7wm,30,1,1.0166080166818574,18,62,1
Age_Group_31-45,Shannon Daugherty,6O8VURPz0k,34,1,1.660139352781698,19,44,1
Age_Group_46-60,Clifton Pollich,Cm0f4q1vil,19,1,0.5263374439673498,39,45,1
Age_Group_61-70,Perry Lynch,7AJLRqdeSg,56,1,0.7353866820922121,26,45,1
Gender,Jake Bernier,0hMcvUgAb5,60,1,1.0132975078886375,12,53,1
Age_Group_18-30,Maryann Bruen,m265Xygmtb,44,1,1.7029815589776263,32,55,1
Age_Group_31-45,Ted Hansen,0gJHxrvey0,27,1,1.3277758380863816,32,45,1
Age_Group_46-60,Joey Crist,FgpsYZJQmy,60,1,1.5994004722451791,11,69,1
Age_Group_61-70,Randal Lind,QqoZkB33U2,28,1,1.69897205918096,21,46,1
Gender,Grace Considine,2JJvHHREZw,69,1,1.5366921531967819,16,69,1
Age_Group_18-30,Velma Conroy,3ALd1knyMb,38,1,0.8477733331965283,14,59,1
Age_Group_31-45,Christine Sipes MD,tmkIBUda1c,27,1,1.6562489490024745,16,58,1
Age_Group_46-60,Maria Schmidt,0QVQ4wXOO4,67,1,1.6932729335967451,13,60,1
Age_Group_61-70,Patty Klocko,8kDW0pXZvy,42,1,1.0952044106088579,11,66,1
Gender,Austin Stiedemann,afPaxQgDjF,30,1,1.3831062924582511,23,68,1
Age_Group_18-30,Rolando Lubowitz,I8DqZrh5ZQ,56,1,1.855266692233272,24,46,1
Age_Group_31-45,Nicholas Gerhold V,AFWIP8sIC6,54,1,1.0398890674114227,25,58,1
Age_Group_46-60,Brittany Wuckert,uP4KG1kn72,53,1,1.6790982147213072,38,61,1
Age_Group_61-70,Cynthia Stark,V5rQ1DiKza,40,1,0.8603087610099465,21,64,1
Gender,Lucas Konopelski,ynCEsZDY6B,42,1,1.5514207056257874,26,59,1
Age_Group_18-30,Dr. Guadalupe Spencer,rCfFs7wG3n,35,1,1.5403138527181,30,57,1
Age_Group_31-45,Tiffany Crooks Sr.,ehtJlimoEu,28,1,1.5535099854459986,35,70,1
Age_Group_46-60,Hattie Hodkiewicz,Wz2nGuh7Am,41,1,1.4765150197781622,29,69,1
Age_Group_61-70,Ms. Ramona Wintheiser,4dL7e2puUP,63,1,1.443256358266808,27,66,1
Gender,Elijah Nienow,W7haYZPUjU,70,1,1.705558796878904,37,42,1
Age_Group_18-30,Sonja Heathcote,09qlZZqhXO,54,1,1.392661570920609,11,67,1
Age_Group_31-45,Brendan Tillman,KNSUjEcIgv,57,1,1.6242823204956949,10,65,1
Age_Group_46-60,Marian Grant,751P9TtAJ2,33,1,0.8000289154006168,40,58,1
Age_Group_61-70,Jerome Barrows,ExMsK8la1c,63,1,1.2548578632995486,34,65,1
Gender,Herman Huels,cC7i3G4Qfy,47,1,0.98633676499594,36,43,1
Age_Group_18-30,Crystal O'Reilly III,QS3CQYhS0C,65,1,1.047721482696943,24,61,1
Age_Group_31-45,Angie Lynch,pV18Wdhfmw,48,1,0.9540656170574948,36,69,1
Age_Group_46-60,Clayton Waters,vENdmPrvrX,44,1,1.6736681202892214,23,61,1
Age_Group_61-70,Miss Gladys Blick,rjcCUXSPE5,51,1,0.6999885013792664,24,67,1
Gender,Travis Lynch,Mbd5RO8NDx,67,1,0.7538865363458171,10,59,1
Age_Group_18-30,Angelo Bernier DVM,9W2JulyIl4,56,1,0.649267562199384,15,44,1
Age_Group_31-45,George Simonis MD,yjKQTYN8OE,20,1,0.7492491349112242,28,62,1
Age_Group_46-60,Randall Greenfelder,SfFvqo2Q3T,61,1,1.506935875164345,40,49,1
Age_Group_61-70,Essie Crist,SP1OtnV6qf,70,1,1.9063248308375478,35,46,1
Gender,Jay Christiansen,clavmdnmjp,20,1,0.9357670650351793,28,63,1
Age_Group_18-30,Thomas Kub,L1v7PjeJPg,31,1,1.4146021181950346,28,59,1
Age_Group_31-45,Lance Little DVM,T8xdc3Bcxw,28,1,1.1143002758035436,31,67,1
Age_Group_46-60,Christina Hoeger,rrAaAzhr3t,19,1,0.7811903299298137,26,46,1
Age_Group_61-70,Emily Lockman,q4Be4kWRHF,57,1,1.5710601794999093,15,61,1
Gender,Martin Gerlach,nSlbyjNwAm,61,1,0.8315233588218689,34,58,1
Age_Group_18-30,Roxanne Hilpert,TeF6iO26gi,32,1,1.0596756670856848,15,46,1
Age_Group_31-45,Tracy Stoltenberg,zFuYCxeIID,42,1,1.8937798350816593,31,65,1
Age_Group_46-60,Andrea Vandervort,DUgwtuUNAC,69,1,1.0652219008188695,17,44,1
Age_Group_61-70,Tyler Sawayn,GpsiFlCIvs,38,1,0.8016229040222242,21,67,1
Gender,Sandy Crist,3xFEgBf1Cr,39,1,1.6921195229515433,27,52,1
Age_Group_18-30,Jaime O'Keefe,x20oGMkmqy,28,1,1.6782648562220857,10,48,1
Age_Group_31-45,Leslie Ruecker DVM,sRRsJKlJUE,53,1,1.0891300251241773,40,66,1
Age_Group_46-60,Thomas Wunsch,pOYk3b2Fsq,65,1,1.5137726785615087,35,63,1
Age_Group_61-70,Aubrey Rodriguez,fAgVp6Kqac,53,1,1.5103950104676187,17,59,1
Gender,Steven Champlin,wDGoNAn0t9,36,1,1.9200455826940015,40,46,1
Age_Group_18-30,Karen Walker,JzySqczHoh,25,1,1.9819496588315815,14,62,1
Age_Group_31-45,Brent Moen,rYqqiG68MN,21,1,0.5162130150711164,30,69,1
Age_Group_46-60,Nettie Hodkiewicz,RbM1dwwENS,54,1,1.9341470692306757,20,66,1
Age_Group_61-70,Doreen Zieme,uE7UQD2MtZ,18,1,1.0561584294773638,31,56,1
Gender,Pablo Kuvalis,ZEsIzZcR01,23,1,1.1706109518418089,34,58,1
Age_Group_18-30,Rochelle Hilpert Jr.,dFPJhNJRhp,29,1,1.6773657175945118,38,59,1
Age_Group_31-45,Ms. Dorothy Lesch III,jy6WxpGNpv,33,1,1.1727479205001146,22,50,1
Age_Group_46-60,Susan Nitzsche,xMU6svHnpn,36,1,1.5608884689863771,12,44,1
Age_Group_61-70,Kelli Kling,HPMNhKewK1,32,1,0.7442077222513035,21,55,1
Gender,Billy Robel,PmsbuAqvyd,19,1,0.6918462029425427,10,48,1
Age_Group_18-30,Christy Schroeder,hsQHvBg8Es,26,1,1.1754022802924737,20,56,1
Age_Group_31-45,Tiffany Wisozk,39Hw1uXkKC,62,1,0.8269693849142641,31,66,1
Age_Group_46-60,Paul Dickinson,2PRHzyCTSY,31,1,0.7837224323302507,23,56,1
Age_Group_61-70,Mrs. Angela Considine-Oberbrunner,v7ggLZuTlf,46,1,0.7787455770885572,40,64,1
Gender,Darin Runolfsdottir III,vUItKPr5JW,28,1,1.1405306056840345,23,69,1
Age_Group_18-30,Shawn Walter,JdFYVrdsbO,55,1,0.9798020160524175,33,44,1
Age_Group_31-45,Sheldon Spencer,1etYiSB8IH,41,1,1.387317962013185,25,62,1
Age_Group_46-60,Dr. Jill Hahn,0s0L8y7QdA,54,1,1.8835242391796783,16,40,1
Age_Group_61-70,Matthew Boyer,2LV4QUvAWx,69,1,0.5978374109836295,20,57,1
Gender,Krista Dietrich-Smitham,H6BWkdnPFX,27,1,0.6848473937716335,11,68,1
Age_Group_18-30,Kerry Abshire,UZT0g5hgZX,49,1,1.542853441205807,25,50,1
Age_Group_31-45,Dr. Harvey Macejkovic Jr.,WkPFLTpzhh,68,1,1.821053215302527,26,45,1
Age_Group_46-60,Dr. Shannon Ernser,4cm4HFNmsN,19,1,1.4818305063527077,23,68,1
Age_Group_61-70,Benjamin Sipes II,cMiqMzZz1G,58,1,1.6926301966886967,36,68,1
Gender,Mr. Samuel Halvorson,fPQQ7nH54h,19,1,1.8944961277302355,40,70,1
Age_Group_18-30,Theresa Padberg,22FjWxoqMt,20,1,0.6773036142112687,14,53,1
Age_Group_31-45,Marvin Stanton Jr.,CFZOQ0vx8N,52,1,1.4610259622568265,24,69,1
Age_Group_46-60,Priscilla O'Keefe,k8kZULKAhC,54,1,1.262743616476655,30,43,1
Age_Group_61-70,Mr. Leroy Zulauf,5wHZHryoiX,24,1,1.2428314021090046,36,52,1
Gender,Miss Martha Yundt,9OvbLWfg6N,32,1,1.455730405752547,35,44,1
Age_Group_18-30,Dolores Stokes,KD1zVhJ3Pr,66,1,0.8212008711416274,31,48,1
Age_Group_31-45,Vanessa Terry,G32D2l0hbi,18,1,0.9556205900153145,21,63,1
Age_Group_46-60,Marie Hills,259qJ9t5YN,52,1,1.182104678475298,21,57,1
Age_Group_61-70,Pam Lynch,zBvssCYDv4,50,1,1.6160182529129088,12,56,1
Gender,Dr. Terrell Dooley,RdLOCX8o2Q,44,1,1.808558962889947,40,59,1
Age_Group_18-30,Beverly Lindgren,lQFJn0VfcR,62,1,1.3183190972777084,22,52,1
Age_Group_31-45,Salvatore Harber,OgyUbqm9E2,46,1,1.3412886981386691,17,53,1
Age_Group_46-60,Joann McDermott,E0Q4M7oS0q,19,1,1.4414674785220996,15,56,1
Age_Group_61-70,Clayton Graham IV,aKUFvWlCe4,27,1,1.5211952620884404,40,61,1
Gender,Miss Ella Kertzmann,EJ43y60CXj,58,1,0.6574416874209419,21,50,1
Age_Group_18-30,Hilda Mitchell,rRxsib4LGg,27,1,1.3609941526083276,13,46,1
Age_Group_31-45,Caleb Lebsack,jKhNoWSbQR,61,1,0.6703863351140171,39,45,1
Age_Group_46-60,Brandi Schowalter,bjhBaSNdve,66,1,1.384422602597624,22,43,1
Age_Group_61-70,Natalie Casper,dKibOoCF6w,57,1,0.5961909523466602,33,43,1
Gender,Ken Wolf,mKeppioM4T,20,1,1.8813525107689202,35,49,1
Age_Group_18-30,Kent Padberg,130Gzl0EXH,24,1,0.5657492364989594,19,47,1
Age_Group_31-45,Gerardo O'Reilly,PJS4hJtuFt,39,1,1.0549183286493644,18,70,1
Age_Group_46-60,Eva Kessler,QTYWHd2tC6,25,1,0.6856343046529219,20,45,1
Age_Group_61-70,Sheryl Rutherford,7ReMdezzd8,36,1,0.7998126993188635,22,60,1
Gender,Lynette Lueilwitz,aLClJGPfFS,33,1,0.9984219683101401,39,61,1
Age_Group_18-30,Kelvin Kling,NMxILwUhv9,65,1,1.9610815952764824,33,56,1
Age_Group_31-45,Ms. Kellie Kling,81kglhFFzO,18,1,1.1265474744141102,12,56,1
Age_Group_46-60,Teri Huels,mx7EtRiNCK,51,1,1.093320430489257,36,65,1
Age_Group_61-70,Terry Koss,BB77e1SFsQ,64,1,1.81979255087208,16,41,1
Gender,Roosevelt Rodriguez,W42NWzjgYc,44,1,1.9684090906521305,30,67,1
Age_Group_18-30,Todd Macejkovic DVM,ijfHt2ukFv,45,1,0.7862252169288695,16,69,1
Age_Group_31-45,Hugh Rodriguez,CrljtThujL,34,1,1.4454371216706932,33,40,1
Age_Group_46-60,Curtis Price,DEQKxn2hLN,18,1,0.6578511779662222,19,58,1
Age_Group_61-70,Grant Kutch,vp52XnYXOY,29,1,1.1886640572920442,27,64,1
Gender,Dr. Guadalupe Torp,3nbElzhppr,45,1,1.6362432994646952,27,61,1
Age_Group_18-30,Glenda Lakin,1OtVfFgWwd,26,1,0.6398024021182209,11,52,1
Age_Group_31-45,Marian Kuhic,B0BybNO1SH,65,1,1.1116963502718136,34,40,1
Age_Group_46-60,Muriel Lubowitz,GqDSIkbDjy,26,1,1.2470911823911592,40,53,1
Age_Group_61-70,Mable Stanton DVM,R47hkht6Q3,26,1,0.9408590006642044,20,70,1
Gender,Alex Swaniawski,MzJnkrX1Sb,66,1,1.6385541800409555,32,40,1
Age_Group_18-30,Irene D'Amore,JZI12utM2A,60,1,1.5036522408481687,10,43,1
Age_Group_31-45,Roy Greenfelder,uwyqrWXcZG,27,1,1.566360205411911,25,60,1
Age_Group_46-60,Sergio Swaniawski,y7loJQZln2,24,1,1.2447134561371058,18,66,1
Age_Group_61-70,Dr. Johnathan Mante,ihbr4D8Cnr,47,1,0.5160316554829478,23,67,1
Gender,Myra Hyatt Jr.,lcz1DoEIvw,41,1,1.717168927541934,35,52,1
Age_Group_18-30,Rosemary Batz,fMwNANTPe5,33,1,1.7248224841896445,37,60,1
Age_Group_31-45,Denise Harvey,pbDmvoGqCh,52,1,0.9493460771627724,39,47,1
Age_Group_46-60,Isabel Goodwin V,Y3wIYDwV58,59,1,0.7311913219746202,23,42,1
Age_Group_61-70,Angel Vandervort,u29t0IQXh6,52,1,1.4864555179374292,28,45,1
Gender,Ms. Francis Haag,2dw6PZy3dd,23,1,0.7571257203817368,26,51,1
Age_Group_18-30,Brian Jast,3YcXhntQCd,38,1,1.7823000500211492,38,42,1
Age_Group_31-45,Mrs. Christina Langosh,nhRGeh5vwK,20,1,1.2322000762214884,15,56,1
Age_Group_46-60,Dana Armstrong,K1nxci1i9Y,59,1,0.6361471218988299,13,54,1
Age_Group_61-70,Mr. Forrest Rosenbaum,YJUQff95mY,36,1,0.8859843527898192,39,69,1
Gender,Byron Shields,mSk7zcksQa,30,1,0.5420268750749528,16,48,1
Age_Group_18-30,Elmer Maggio,mQcYc0P3hq,27,1,1.0803133383160457,27,43,1
Age_Group_31-45,Mr. Darrell Dickinson,TdteFTYlr7,23,1,1.647275531082414,14,56,1
Age_Group_46-60,Jay Fadel,pSuSMizzQh,48,1,1.205854078521952,36,46,1
Age_Group_61-70,Wilfred Boyle,0K2Xhn7DLd,54,1,1.9270654915599152,22,61,1
Gender,Vicky Kozey,QNDytJFDGd,45,1,1.9780547354603186,40,57,1
Age_Group_18-30,Perry Stanton,DzHGyRFNXL,42,1,1.5426065808860585,39,58,1
Age_Group_31-45,Lana Zieme,pD8Vfveieh,65,1,1.3485208119964227,29,59,1
Age_Group_46-60,Velma Wintheiser DDS,RV4JXRmIfV,63,1,0.752768985927105,14,60,1
Age_Group_61-70,Wendell Gulgowski,CM5315vKIV,18,1,0.6995339106069878,33,48,1
Gender,Shirley Hills I,GSFJ4ZRJcd,42,1,1.5517999888397753,30,64,1
Age_Group_18-30,Mrs. Blanca Lemke,iBcazYikZm,25,1,1.4663993265712634,40,50,1
Age_Group_31-45,Marta Wiegand,FuL3iQfkOG,69,1,1.8315297892550007,14,59,1
Age_Group_46-60,Amanda Upton,41r3O4Qw6F,30,1,1.928145045414567,23,52,1
Age_Group_61-70,Agnes O'Conner,f2FqHxmXp1,21,1,1.0460261687403545,36,55,1
Gender,Phil Renner,MhXmQTux32,54,1,1.2574942554347217,36,43,1
Age_Group_18-30,Luz Abshire,RR9jQlYYJj,26,1,1.6854251137701795,25,53,1
Age_Group_31-45,Stephen Will,N2XyzEEqby,46,1,1.061027314281091,39,69,1
Age_Group_46-60,Glenda Gutkowski Sr.,XAlT1YInid,56,1,0.517219744506292,15,64,1
Age_Group_61-70,Jared Batz,UAlcUnBKpo,33,1,1.1112250634469092,25,64,1
Gender,Gail Gerlach,dIst83UgH9,25,1,1.727378245210275,19,57,1
Age_Group_18-30,Santos Hills,s0vZow4D1T,33,1,1.4505516283679754,29,65,1
Age_Group_31-45,Lorene Dooley-Pagac,iSGjmiJdhL,19,1,1.2435114133404568,34,51,1
Age_Group_46-60,Elias Dietrich-Botsford,KIrBtwmt21,19,1,1.7585215822327882,22,67,1
Age_Group_61-70,Irene Ebert,3v4EsFtO1f,66,1,0.6145127948839217,15,40,1
Gender,Patricia Donnelly,f7VYiPHAC0,31,1,1.186012094374746,23,68,1
Age_Group_18-30,Kendra Fadel,bDNoiLrYue,51,1,0.9786479662870988,10,40,1
Age_Group_31-45,Lance Lebsack,EclG4gYehe,25,1,1.6319372601574287,12,46,1
Age_Group_46-60,Gilbert Schowalter,iPbvOvOogR,28,1,1.1170524719636887,20,47,1
Age_Group_61-70,Latoya Wuckert,d4zfd4SXRF,28,1,1.3206019267672673,23,62,1
Gender,Dr. Jerome Ziemann,5HeWERlNmU,19,1,1.6896938256686553,30,56,1
Age_Group_18-30,Sherry Labadie,6PlpQlOMkh,35,1,0.7751452353550121,23,66,1
Age_Group_31-45,Amber Farrell,kb4KUdb2Sj,28,1,1.1986031982814893,38,43,1
Age_Group_46-60,Yvonne Daniel,2SKBvFYGhg,52,1,0.6121438780101016,33,52,1
Age_Group_61-70,Chelsea Lubowitz,ykr8xx3ZM8,46,1,1.1727887676097453,38,68,1
Gender,Wilbur Dare-Schumm DDS,HHrKpDxifM,26,1,1.2812974019907415,37,50,1
Age_Group_18-30,Joe Kilback,WTPHcsMRJv,61,1,1.4931415637256578,16,64,1
Age_Group_31-45,Courtney Dietrich,9gRjuXLSof,42,1,0.7397015779279172,40,55,1
Age_Group_46-60,Charlene Doyle,Khufdi39yL,48,1,1.6903882527258247,20,47,1
Age_Group_61-70,Andres Fisher PhD,mLFI4G7PWj,39,1,0.725132524035871,29,63,1
Gender,Erin Schroeder,RpnsSBiogl,35,1,0.7604538032319397,11,68,1
Age_Group_18-30,Elias Veum,ZweMBebEIX,53,1,1.3494892329908907,39,42,1
Age_Group_31-45,Mrs. Rachel Greenholt,LEZANgdxVl,54,1,1.8259288754779845,30,56,1
Age_Group_46-60,Robin Wunsch,MgUSRVdrkl,32,1,0.9772182779852301,24,64,1
Age_Group_61-70,Kirk Brakus I,zdhDMc1g73,58,1,1.1734538520686328,19,45,1
Gender,Sheri Jerde,ZIqjJ0Kh1S,69,1,0.6173956705024466,25,54,1
Age_Group_18-30,Jennie Ullrich,x3dLu0dXj8,26,1,1.7074507066281512,40,51,1
Age_Group_31-45,Lila Marquardt,eWpxwTQNt7,42,1,1.6450709152268246,35,56,1
Age_Group_46-60,Delia Crist,OlucKFyvGn,51,1,1.0459367289440706,34,56,1
Age_Group_61-70,Rickey O'Keefe V,eOaP0gDNEQ,41,1,1.0038162744604051,38,46,1
Gender,Antoinette Jerde,wBiFU34FEV,52,1,1.7853004088392481,33,68,1
Age_Group_18-30,Marie Lowe,KMGWe0qVEG,55,1,1.9206511860247701,40,43,1
Age_Group_31-45,Homer Ferry,brirs1374G,54,1,0.7809787078294903,36,63,1
Age_Group_46-60,Ernest Dickens,34T7sWVNgY,62,1,1.3531685776542872,33,46,1
Age_Group_61-70,Toby Mante,gdJuft9reE,69,1,1.1005827652988955,39,70,1
Gender,Ronnie Hagenes,7bC1g4Ic4s,66,1,1.517327317618765,13,41,1
Age_Group_18-30,Jeannie Hane,wtSDDbQ09k,37,1,1.5723948163213208,24,42,1
Age_Group_31-45,Pat Tremblay,jQNRo38vMb,39,1,0.5790621081832796,11,69,1
Age_Group_46-60,Clark Runolfsson,BwBvAr1fwa,56,1,0.7994295953540131,33,67,1
Age_Group_61-70,Henry Bartell,2gHHZkA4ue,63,1,1.0053916880860925,23,59,1
Gender,Miss Johnnie Kuhlman,jR2Cpsqys5,49,1,0.9167905368376523,31,46,1
Age_Group_18-30,Anthony Pagac,qJaSLuI0Lw,57,1,1.736205279128626,39,54,1
Age_Group_31-45,Dr. Lonnie Ullrich,mFhBeLJpue,25,1,1.443990036728792,16,63,1
Age_Group_46-60,Grady Mante,63WENMcx2t,50,1,1.8563040575245395,11,51,1
Age_Group_61-70,Casey Flatley II,QRAsuNRocB,70,1,1.5814092678483576,29,53,1
Gender,Geraldine Waters,4HEBl7EDmD,68,1,1.628782143816352,25,47,1
Age_Group_18-30,Hazel Ullrich,IcL3tO9vhH,35,1,1.500492378603667,11,50,1
Age_Group_31-45,Amos Wunsch DDS,fXftjGeUK0,28,1,0.6192861804738641,34,44,1
Age_Group_46-60,Nathaniel Christiansen,4YW0efh2wx,25,1,1.2345129220047966,40,67,1
Age_Group_61-70,Walter Cremin Jr.,qAdPGHgltE,65,1,1.7518494161777198,39,57,1
Gender,Joy Gutkowski,AU35Tf07KE,35,1,1.5916262235259637,30,68,1
Age_Group_18-30,Wilfred Erdman,cRKrsYWip0,45,1,0.5958010042086244,34,44,1
Age_Group_31-45,Karl Haley,C49P8a2TvS,41,1,1.496058116084896,35,41,1
Age_Group_46-60,Mabel Goyette,822BGHf8ti,31,1,0.6908143686596304,14,51,1
Age_Group_61-70,Brenda Kuhic,8J2MJ7rd7c,25,1,1.7575988450553268,24,42,1
Gender,Alfred Crona,bHilhTDE2V,48,1,1.5636431748280302,15,41,1
Age_Group_18-30,Mr. Carroll Kreiger,4YYhcbBWtX,41,1,0.5590080884285271,40,67,1
Age_Group_31-45,Dan Johnson,qDBbRI5Cin,24,1,0.9466754728928208,22,60,1
Age_Group_46-60,Roberto Dare,CbNoqgzITa,38,1,1.8979814460035414,16,44,1
Age_Group_61-70,Bert Pagac,tKwTm4gpRr,28,1,1.1111389823490754,29,42,1
Gender,Ida Feest,pc3jWJrfZU,18,1,1.5176793711725622,10,50,1
Age_Group_18-30,Sabrina Terry,vTlBv4cSve,35,1,0.5140321762301028,40,66,1
Age_Group_31-45,Sabrina Smitham,T2n7tjaDSG,35,1,1.1643878287868574,21,59,1
Age_Group_46-60,Delores Stanton,aot4L0J9lg,64,1,0.5179261873709038,30,41,1
Age_Group_61-70,Arnold Haag,zvQ3L3Vgls,56,1,1.02571320196148,15,43,1
Gender,Wanda Stiedemann,A8vFafUKEL,55,1,0.6299405485624447,33,49,1
Age_Group_18-30,Andres Dietrich,roIawFEv9t,54,1,1.2675494763534516,20,49,1
Age_Group_31-45,Lorraine Reichert,wsyirsuN73,60,1,1.9665305158123374,35,68,1
Age_Group_46-60,Shirley Boehm,C4YgKVEWlq,22,1,1.8384271337417886,12,65,1
Age_Group_61-70,Wilson Breitenberg,6CxF1K6DWn,58,1,0.5679794220486656,33,67,1
Gender,Patricia Deckow,L1jcG6EqSJ,48,1,1.976756704854779,33,56,1
Age_Group_18-30,Clayton Lemke,TieV5Rk3vs,25,1,1.0156318714143708,24,58,1
Age_Group_31-45,Terrence Veum,bzHkLvrXh2,42,1,1.5076682205544785,19,46,1
Age_Group_46-60,Inez Bode,PUXPQypeyj,21,1,1.069619532325305,12,62,1
Age_Group_61-70,Ruben Daniel,ChrVrpL0rD,18,1,1.418280633399263,29,47,1
Gender,Salvatore Leffler,45YV790gO9,22,1,0.748335815849714,15,69,1
Age_Group_18-30,Lynn Muller,2c7Lcs3lYc,46,1,0.6075260158395395,26,40,1
Age_Group_31-45,Miss Bridget Carroll,fsRHCB3EMW,46,1,1.7232059416128322,33,46,1
Age_Group_46-60,Freddie Conn,n3DEKOfFsz,65,1,0.7652836821507663,33,42,1
Age_Group_61-70,Lucy Koch III,pm8csEa8n0,45,1,1.961628223536536,39,67,1
Gender,Mrs. Ann Hauck,CmNuwCFlkU,59,1,0.9019649823894724,26,57,1
Age_Group_18-30,Cecilia Lindgren,9sxduQFY4A,64,1,1.6471973806619644,17,64,1
Age_Group_31-45,Johnnie Veum,taIYCFTpKW,42,1,1.6533612356288359,34,69,1
Age_Group_46-60,Tina Rowe,2fDjYXaghr,20,1,1.3920919926604256,15,49,1
Age_Group_61-70,Bobby Legros,d7bbnnn3h0,34,1,1.6522892967332155,19,56,1
Gender,Jennie Bartoletti,Yet3mpNQJW,21,1,1.4222309751203284,26,44,1
Age_Group_18-30,Ira White,1Bbaiu64zd,52,1,0.9744604146108031,18,58,1
Age_Group_31-45,Ruth Cassin Sr.,tGBI484h4z,20,1,1.5105495291063562,19,50,1
Age_Group_46-60,Lorenzo Wisoky,BIjdb5j1lJ,49,1,1.8941843349020928,36,41,1
Age_Group_61-70,Gene Strosin,6ZBYl0JlNu,46,1,1.1788972838548943,39,59,1
Gender,Roland Ferry,XQOecd4QVv,58,1,0.8206016219919547,11,50,1